first_name,last_name,age,gender
ARTUR,Miller,38,m
KAYLEE,Hochstetler,31,f
BERNARD,Sherfey,70,m
WES,Costa,65,m
ZINA,Mazzeo,61,f
ARMIDA,Cecala,77,f
MATHIEU,Harmon,35,m
BRYSON,Daniel,35,m
SEBASTIAN,Hurley,78,m
LYNDSAY,Williams,38,f
GAETANO,Fransen,45,m
GABRIELE,Barrett,35,m
SHAY,Haines,41,f
EVELINA,Campbell,41,f
ALIREZA,Prim,44,m
JUDY,Wise,77,f
LON,Labonte,34,m
CHRYSTAL,Aschettino,31,f
STEFAN,Whiteley,35,m
SKY,Kennedy,37,m
LAYNE,Chieco,45,m
DAMION,Hall,45,m
PERRY,Grunwald,65,m
ROSETTA,Long,66,f
TALIA,Hall,31,f
SCHUYLER,Seaman,31,f
VASILIOS,Wilson,45,m
EVANGELINE,Klopfer,66,f
CARMA,West,69,f
KRISTOFER,Hoobler,44,m
GAIL,Limon,69,f
DOMINIQUE,Silva,31,f
KORY,Bailey,35,m
LIANE,Michelich,31,f
OLIN,Schaeffer,80,m
BETTINA,Zahnd,102,f
PETER,Blalock,72,m
CORBETT,Smith,72,m
JERRY,Barrois,44,m
GIULIO,Turpin,45,m
BRITNEY,Haueter,41,f
SIDNEY,Toole,65,m
DENIS,Rosenbaum,77,m
SONDRA,Landry,77,f
ANTJE,Bennett,41,f
RAMIN,Krawczyk,44,m
KASEY,Crane,44,m
DARRIN,Perez,37,m
LORA,Priest,66,f
WELDON,Chambers,49,m
LARAINE,Mcbain,77,f
DWIGHT,Winter,70,m
BABETTE,Gottschalk,31,f
ERNEST,Miller,44,m
BRIEN,Gonzales,48,m
PAWEL,Daymon,34,m
IRWIN,Thornton,34,m
HASMIK,Brown,31,f
IVA,Lambert,66,f
ZBIGNIEW,Carson,71,m
BENSON,Stahl,44,m
RUBY,Quick,77,f
AMALIA,Macdonald,77,f
ALTHEA,Wilson,69,f
NICHOLAS,Schmidt,39,m
BRANT,Kercher,70,m
BRITTON,Bozeman,44,m
MICHEL,Scothern,69,f
GIL,Garrett,44,m
DANIEL,Rall,35,m
TIFFANIE,Stewart,31,f
STEPAN,Johnson,35,m
BRIANA,Quinlan,31,f
KERSTIN,Greene,41,f
MERRILL,Berdine,70,m
MILO,Waldron,44,m
BART,Thomas,64,m
BART,Hoyme,71,m
JEB,Neal,71,m
NADER,Thiele,34,m
KENYON,Gardner,45,m
MICAHEL,Tiller,44,m
HOWARD,Mckinnis,70,m
PAMELA,Brower,41,f
PAULO,Karper,44,m
TONY,Campbell,45,m
ANTOINE,Fisher,44,m
CASIMIR,Khachaturyan,45,m
BILLIE,Skelley,31,f
ANNAMARIE,Davis,31,f
ROYAL,Wray,76,m
STEFFANIE,Brann,31,f
CHANTELLE,Fox,31,f
BIANCA,Burke,31,f
TARYN,Economou,41,f
RANDAL,Love,71,m
GIL,Bohren,64,m
JEROD,Coval,45,m
GERHARD,Manfredi,70,m
SHELDON,White,76,m
TAMAR,Reppucci,31,f
ROD,Steger,64,m
PERRY,Dreyer,70,m
KATHRINE,Marron,41,f
MARTINA,Thomas,41,f
BERNHARD,Buck,70,m
BRITT,Cardarelli,35,m
CHERYLE,Payne,77,f
JANNETTE,Capuano,31,f
ERNESTINE,Sawyer,101,f
CHANCE,Hammond,35,m
JACK,Mattoon,76,m
JIMMIE,Logsdon,71,m
MICHEAL,Horsley,45,m
FRANCES,Summerall,102,f
ALPHONSE,Winchester,78,m
JOHNIE,Thomas,80,m
DIETER,Wagner,39,m
MASSIMO,Campbell,44,m
PAUL,Houston,72,m
STEPHANE,Palmer,69,f
COLT,Christiansen,45,m
AILEEN,Gordon,41,f
CORY,Gianotti,44,m
BEN,Isham,35,m
KACIE,Heinrichs,41,f
HASMIK,Gobin,31,f
SAL,Hardeman,80,m
MAUREEN,Malak,69,f
HANY,Schuett,35,m
KARRI,Carlock,41,f
DONAL,Moreau,71,m
ARNE,Burchard,71,m
SAVERIO,Lewis,45,m
RUDOLF,Roosevelt,71,m
VIKI,Ruehl,69,f
MARIANN,Farmer,69,f
JAROD,Marks,35,m
VASILIOS,Crumley,45,m
JOYCE,Lawrence,94,f
MORDECHAI,Haberman,44,m
GARRY,Abbott,71,m
EVANGELINE,Cottrell,69,f
MATILDA,Richardson,69,f
MATHIEU,Nelson,35,m
JACQUE,Riddle,34,m
KENDALL,Nilsen,34,m
JAMEY,Wood,41,f
YEE,Randolph,34,m
BEN,Black,70,m
KIERSTEN,West,31,f
ELDA,Marcellino,98,f
DERIK,Box,34,m
JAN,Wimberly,76,m
ASHRAF,Mroz,45,m
ADAM,Stout,34,m
BREANNA,Million,31,f
ROLAND,Wetmore,34,m
DALE,Cox,71,m
JORGE,Grenier,34,m
OREN,Pierce,70,m
RENATE,Jones,31,f
CARLY,Louviere,31,f
ANNMARIE,Scott,31,f
WERNER,Harper,80,m
TYSON,Coleman,34,m
BASSAM,Kafel,39,m
BALTAZAR,Jardine,39,m
LEIGHTON,Mcdowell,71,m
GORDON,Kovats,76,m
DUKE,Hill,45,m
FADI,Hassett,34,m
RETHA,Anderson,94,f
GRAHAM,Norton,39,m
CAROLE,Raimondi,66,f
MALGORZATA,Gede,41,f
LYNDSAY,Hooks,41,f
LUTHER,Griffin,70,m
FRANZ,Baker,76,m
MILLARD,Staudt,78,m
TREVOR,Fenwick,35,m
AILEEN,Thompson,31,f
JACEK,Mcghghy,45,m
VIRGIL,Pierre,76,m
ADRIANA,Demus,31,f
WALTER,Martinez,70,m
ARLINE,Meyers,41,f
EARL,Wacker,78,m
LIOR,Desantis,34,m
SHAE,Mahoney,31,f
LYNNETTE,Windhausen,70,f
MANDEEP,Luthy,31,f
DWIGHT,Wingate,49,m
JADWIGA,Stewart,104,f
GARY,Pierce,70,m
CLYDE,Zehner,38,m
ANGELO,Raab,44,m
AMY,Campbell,41,f
KARON,Leitz,70,f
MARYA,Moore,41,f
ABBAS,George,35,m
REY,Mixter,38,m
RHETT,Milligan,44,m
WILBUR,Nunes,44,m
FELICIA,Vantreese,31,f
ALEC,Caputo,44,m
GWYN,Rice,70,f
DARIUSZ,Nabi,44,m
BENTON,Martin,78,m
TOBY,Schleyer,34,m
RALPH,Lester,71,m
ERIC,Normand,44,m
BRAD,Stineman,45,m
RODNEY,Ramey,34,m
ERAN,Mullen,41,f
ESTHER,Moxley,41,f
KIP,Cline,44,m
SUEANN,Lee,41,f
ERNESTO,Gurney,38,m
VAN,Ballew,76,m
LYNDSEY,Mcpheeters,38,f
SHERRIL,Soltz,80,m
RON,Muni,80,m
KONSTANTINOS,Berner,35,m
EUGENE,Shipley,44,m
RONNY,Verrier,78,m
SONAL,Churchfield,41,f
BOYD,Harris,70,m
SOHAIL,Carr,44,m
JENIFER,Walker,41,f
CARISSA,Felton,41,f
AMOS,Kennedy,45,m
GRZEGORZ,Beitel,44,m
BILLY,Lorman,72,m
FARRAH,Cutler,30,f
OLLIE,Symank,70,m
ED,Licht,80,m
JOAO,Garthwaite,34,m
SHAHIN,Chapman,34,m
TOBIAS,Mcmanus,44,m
BRETT,Wiegman,35,m
DION,Gerardo,44,m
ATHANASIOS,Hass,35,m
GRAYSON,Messer,71,m
JILL,Pruitt,41,f
CALVIN,Compton,80,m
ED,Starling,76,m
GEOFFREY,Caruthers,37,m
KOSTAS,Shay,37,m
ARNO,Perry,34,m
JOHNPAUL,Heatherly,35,m
ROCKY,Cassavaugh,37,m
HARRIET,Adams,94,f
GERRY,Grimes,70,m
KENDALL,Bendel,35,m
ALPHONSE,Sasso,72,m
ALLYSON,Keene,77,f
LEIF,Scott,35,m
GARRY,King,72,m
REYNOLD,Nicoletti,80,m
ISMAEL,Ross,70,m
GARRY,Willis,80,m
SHLOMO,Crane,34,m
JAIME,Alvarez,45,m
LAURENCE,Goldman,72,m
KENYON,Ely,78,m
CLEVE,Braga,34,m
RODERIC,Farthing,45,m
ROCIO,Bittinger,37,m
TRUMAN,Bowers,72,m
JOSHUA,Mcintosh,45,m
FRANK,Stephens,35,m
BRITT,Hindle,45,m
MATTHIAS,Moore,18,m
KAITLIN,Sher,29,f
FADI,Wisler,34,m
VERN,Brusso,70,m
ELIO,Eibel,45,m
ARVIN,Kane,35,m
JANE,Browder,70,f
ALEKSANDER,Shields,37,m
JEREMY,Lajoie,37,m
THEODORE,Payne,70,m
JEREMY,Ankenbrandt,34,m
ALEXANDER,Flater,34,m
CARLEE,Kain,29,f
PHILIPPE,Dawkins,37,m
VERN,Hill,34,m
OPAL,Rubin,99,f
RAFFI,Lovaas,34,m
BJORN,Yordan,37,m
ARMEN,Campbell,35,m
DAYLE,Mermer,66,f
RALPH,Aubrey,72,m
MOHAMAD,Russell,34,m
ROSEMARY,Chandler,94,f
ELMER,Dimopoulos,80,m
LAURENT,Bliss,76,m
NICKI,Gilden,70,f
MILO,Bristow,74,f
ALEC,Tripp,34,m
RANDOLPH,Duke,76,m
DAVIS,Kuiper,80,m
JOHNNIE,Underwood,71,m
WAYNE,Weed,70,m
MIROSLAW,Reyes,107,m
JOETTE,Hornbeck,70,f
CARMEL,Morgan,70,f
JERRE,Montemurro,72,m
EDWINA,Baumann,69,f
LEO,Schrag,76,m
DARA,Walsh,41,f
GEORGI,Bone,70,f
MARTIN,Sauerbier,70,m
FAUSTINO,Hunt,72,m
MYRON,Wagner,80,m
JACOB,Walters,34,m
GARLAND,Schweiger,72,m
EARL,Sass,80,m
LOYD,Hardiek,70,m
RODERIC,Pressimone,71,m
SAL,Petka,76,m
ANTONIO,Thrun,77,m
THEODORE,Brownen,71,m
ERNESTO,Bentley,37,m
MACK,Perrigo,76,m
HARLEY,Fyfe,80,m
ANN,Macpherson,70,f
AVIS,Brazie,71,m
DEWEY,Rodgers,71,m
VAN,Kell,70,m
STANISLAWA,Jenkins,103,f
DALLAS,Obrien,70,m
ELIOT,Mcbride,70,m
MARGIE,Berger,61,f
BEVERLY,Gahagan,77,f
BRIEN,Sahr,48,m
ROBERT,Appel,71,m
GREGORY,Mcgreevy,48,m
GLENN,Parsons,72,m
LAVONNE,White,94,f
MIROSLAW,Semple,107,m
VIPUL,Shafer,45,m
SALLY,Degand,69,f
CARROLL,Edwards,80,m
CORT,Gray,22,m
GERALD,Dollarhyde,64,m
RETHA,Mitschele,77,f
WOODROW,Conroy,70,m
MARGO,Hunt,94,f
MICHAEL,Drake,70,m
JOE,Fobian,38,m
KRISTEN,Ritter,50,m
CALVIN,Wyckoff,76,m
PRITI,Kelly,41,f
JAYE,Biddle,66,f
SHELLEY,Wagman,61,f
JOSHUA,Walker,44,m
GLENDA,Roth,29,f
MATTHIAS,Castleberry,18,m
DEWITT,Simon,70,m
BRYCE,Lemke,34,m
LEIGHTON,Tew,30,f
WES,Scroggins,70,m
BRUCE,Lindsay,69,m
CONOR,Stauffer,31,f
SCOTTY,Tijerina,44,m
NICK,Parsons,65,m
ROLLIN,Peterson,35,m
DORIAN,Fisher,35,m
DORA,Cox,74,m
KARLENE,Baumgardner,47,f
LILA,Pfister,83,f
JEANINE,Schmitz,61,f
TWILA,Gomes,61,f
TERESSA,Lemasters,64,f
TERESA,Touch,61,f
SONNY,Vickers,73,m
JEROMY,Sweeney,29,m
NELSON,Meyer,29,m
RAY,Tauzin,79,m
MELBA,Trissel,84,f
BENJAMIN,Winner,31,m
JACQUELYN,Norton,65,f
FAYE,Burnett,76,f
FRANCES,Desimone,85,f
MARIE,Mills,81,f
DEANE,Bratsch,74,m
LOUISE,Wallach,47,f
LAURIE,Drum,60,f
LYUBOV,Walker,21,f
ISRAEL,Clark,44,m
ARLETTE,Gould,60,f
CHANCE,Cross,32,m
TROY,Sporleder,43,m
JENNI,Sellars,48,f
JUTTA,Ruschman,52,f
ELIN,Arrington,83,f
FRANZ,Hudson,43,m
ANDRZEJ,Seeley,43,m
SHERRI,Yates,49,f
WALDEMAR,Sidebotham,44,m
SANTO,Huntley,33,m
TOMI,Danielson,45,f
CHRISTEL,Metzler,46,f
HASSAN,Robinson,29,m
ARLEEN,Herriage,59,f
SALINA,King,22,f
NICOLLE,Kemp,52,f
JEAN,Beach,79,f
ALICJA,King,22,f
JUDY,Crim,84,f
DICK,Cannon,79,m
SHERYLE,Burleson,66,f
SUZANNE,Reavis,63,f
STEPHANY,Holloway,21,f
VINCENZO,Tullis,29,m
ASIF,Sacco,44,m
HENRY,Hillsberg,34,m
SHELLEY,Gibson,66,f
JUDSON,Mullen,42,m
KIP,Rosenthal,74,m
CHANDLER,Ruggiero,19,m
DUANE,Szydlowski,74,m
DELANA,Hitchcock,48,f
JANEL,Randel,48,f
JOZEF,Clements,18,m
COLLETTE,Sowder,66,f
JASPER,Schade,32,m
FRANKLYN,Howard,74,m
STACIE,Moe,47,f
CATHI,Shrode,78,f
JAIMIE,Ashley,65,f
CARRI,Shuman,51,f
TZVI,Spade,33,m
LYUBOV,Symes,21,f
MAUREEN,Hickman,81,f
FAYE,Erb,61,f
SHANNON,Fyffe,44,f
RUTHANNE,Dube,66,f
MIRIAM,Rader,62,f
BRANDT,Howard,34,m
SUSETTE,Parmer,51,f
RODERIC,Rahhal,19,m
JUTTA,Meier,52,f
LUANA,Payne,66,f
ELDON,Pierce,43,m
JON,Mckay,73,m
MEL,Jones,33,m
DEANNE,Rodrigues,60,f
ERMA,Jordan,65,f
LOREEN,Logan,62,f
ARLINE,Riddle,78,f
DICK,Rocchi,78,m
PIPER,Martin,22,f
BREE,Hough,47,f
SIOBHAN,Griffin,44,f
NATHALIE,Prentice,44,f
ADA,Clark,85,f
LESLI,Hannigan,61,f
ELSIE,Tarnowski,51,f
BECKIE,Vance,60,f
VIKKI,Johnson,66,f
DRAGAN,Mruk,43,m
RAINER,Vandervelde,31,m
VICKIE,Bernstein,65,f
CHRISTINE,Buchert,52,f
JAYME,Polk,60,f
KORI,Stair,65,f
KATHARINE,Rule,66,f
CAMILLA,Seif,89,f
CHARLENE,Digiuseppe,88,f
SHERRIE,Johnson,47,f
ORRIN,Wooster,19,m
LEONARD,Makarov,34,m
BRIGETTE,Thoman,52,f
ALISTAIR,Alvey,46,m
HENDRIK,Rogers,72,m
DIAN,Trueblood,77,f
LYN,Congleton,60,f
JULIANN,Hite,47,f
RHEA,Tuberville,22,f
PERLA,Mcpherson,21,f
CHANCE,Johnson,43,m
FAWN,Coulter,60,f
DANIA,Opheim,21,f
SEYMOUR,Marsh,80,m
SHIRLEE,Sandberg,66,f
GAYLORD,Story,72,m
FRANKLYN,Cold,34,m
DEBORA,Hungerford,60,f
MARCIN,Boyer,30,m
JERZY,Nassar,43,m
BLYTHE,Thomson,47,f
DORON,Sollberger,31,m
NIKKI,Thornton,51,f
BONNI,Harman,62,f
MICHAL,Sannes,32,m
TOMISLAV,Thompson,31,m
DANITA,Miller,51,f
ALYCIA,Merry,48,f
BECKY,Phifer,62,f
FREDY,Strader,30,m
VEENA,Thompson,47,f
ANDREAS,Cirelli,30,m
HARLEY,Jackson,21,f
FAE,Meyer,87,f
AVI,Stockton,22,f
RANA,Carter,65,f
STEPHEN,Nelson,43,m
KATE,Dudding,44,f
ARDEN,Busta,21,f
TIMMY,Meador,47,f
NIKOLAUS,Warnick,32,m
AL,Larimore,72,m
WAYNE,Webber,73,m
MERRILL,Bearss,72,m
REINA,Blanchard,22,f
SETH,Tomlinson,34,m
BETH,Grimsley,50,f
CHANDA,Epting,46,f
STACIA,Minyard,46,f
ALYSSA,Saylor,21,f
ALETA,Neville,61,f
ANDRA,Small,46,f
JULIEANN,Skelton,60,f
JANUSZ,Bryant,29,m
ALLISON,Thornsberry,21,f
LINO,Mansi,31,m
MEREDITH,Korte,22,f
HOSSEIN,Wheeler,44,m
AVIS,Wright,75,f
TERESA,Roberts,65,f
HANNELORE,Kosko,21,f
KAYLYN,Hunter,22,f
CHANDA,Kling,47,f
SERGE,Power,34,m
KONSTANTIN,Didonato,29,m
KELLY,Sims,62,f
NICKOLAS,Barton,42,m
ELZBIETA,Farnes,22,f
JACKLYN,Donovan,21,f
MERIDITH,Beach,52,f
MACKENZIE,Viereck,30,m
MYRTLE,Swan,89,f
MORRIS,Lisenbee,19,m
ORVILLE,Jurgensen,80,m
DENA,Sellers,52,f
DARWIN,Maley,73,m
BERYL,Holley,88,f
LORIE,Hampton,60,f
CINDA,Barnett,65,f
KIM,Shelley,48,f
BETTIE,Mendiola,91,f
KRISTY,York,46,f
ARVIND,Coy,33,m
RAFAL,Purkey,29,m
SUSANNAH,Crouch,21,f
LUCRETIA,Goerdt,65,f
JANELLE,Collette,61,f
BENEDICT,Gaskins,72,m
BLAISE,Richard,29,m
HARALD,Mcgill,43,m
WOLFGANG,Giancola,30,m
DEANE,Ed,52,f
HELENA,Kaiser,48,f
NIGEL,Watford,29,m
ANN,Richards,65,f
KIMBERLIE,Phillips,62,f
ANNIE,Woods,52,f
JONAS,Peters,43,m
WILDA,Riso,61,f
JEANA,Jackson,62,f
RUTHANN,Bounds,66,f
LINDA,Sheeler,66,f
MARIN,Kaylor,52,f
SHANON,Blessing,46,f
RONNA,Hecox,62,f
MALISSA,Obrien,52,f
KARRY,Haynes,33,m
PRITI,Beaudry,47,f
CLARISSA,Wagner,22,f
LEZLIE,Young,61,f
OLENA,Sharpe,46,f
JOSIE,Smith,46,f
REYNOLD,Domres,44,m
LANETTE,Calvacca,62,f
SILVANA,Parker,47,f
HELGA,Reichman,87,f
GEOFFREY,Crowley,31,m
HELGA,Young,87,f
JAYME,Groves,34,m
CLYDE,Shelton,44,m
CHRISTA,Littlefield,48,f
PIPER,Fowlkes,22,f
QUINCY,Tague,29,m
EDMUND,Kovalik,43,m
LILIANA,White,21,f
LETHA,Guthrie,48,f
ZACHARIAH,Papile,30,m
LYNDA,Jennings,60,f
HISHAM,Ransom,33,m
ALEKSANDRA,Porter,21,f
BILLIE,Arnold,65,f
MICA,Kaczmarczyk,50,f
SHLOMO,Kelly,34,m
JULIANA,Hines,22,f
YARON,Dean,29,m
GRAYDON,Mackie,32,m
KEEGAN,Romer,33,m
JAKE,Halseth,34,m
LUKASZ,Gottlieb,29,m
EWA,Mckee,51,f
JERZY,Fletcher,21,f
JOANIE,Hartman,66,f
REGAN,Swart,50,f
VASILIKI,Lanier,47,f
MARLYS,Ferguson,89,f
FONDA,Hansen,66,f
JACQUELYN,Johnson,22,f
SEAMUS,Fox,19,m
SUEANN,Anderson,46,f
KIMBERLIE,Barnes,61,f
ELIE,Tiemeier,32,m
JUDI,Lutz,61,f
SUZANNE,Rolland,61,f
URSULA,Plattner,62,f
BRIDGETTE,Smith,46,f
HARRIS,Kelly,43,m
ROXANN,Novembre,51,f
MOHSEN,Dunn,30,m
MALINDA,Box,91,f
MAUREEN,Atkins,61,f
RACHEL,Irby,85,f
JODI,Cooper,50,f
ANGIE,Burke,82,f
GERRIE,Jones,61,f
MARIJO,Stell,50,f
DARCIE,Keane,51,f
ALESHA,Cochran,50,f
GUIDO,Spaner,73,m
UBALDO,Larson,44,m
CHASE,Brown,31,m
BJORN,Rhoda,19,m
SHELAGH,Meyer,66,f
GARRET,Daves,29,m
EUGENE,Rao,73,m
LOLA,Beringer,96,f
RANDOLPH,Vogel,74,m
SHANNA,Holmes,50,f
ODETTE,Strathmann,83,f
KARI,Weatherford,66,f
BRANDY,Harrington,46,f
CARMEL,Clair,65,f
ANJANETTE,Henson,48,f
ABBEY,Fisher,21,f
JERALD,Banahan,78,m
MARIAN,Sikorski,85,f
MELVA,Micco,89,f
DIAN,Rudd,84,f
SHARRON,Holsonback,84,f
LEANNA,Burns,85,f
GERRI,Sizemore,61,f
THADDEUS,Merrill,31,m
MARCIN,Rabold,30,m
LORELEI,Bowman,62,f
SUNDAY,Hopkins,21,f
LARUE,Frohwein,87,f
ELAINA,Simmons,44,f
DEE,Stewart,62,f
BRENNA,Brassfield,50,f
DORINDA,Omar,22,f
ROSELYN,Blankenship,52,f
UTE,Bates,60,f
ANDRIA,Sadek,52,f
VENUS,Chupp,48,f
PATRICIA,Hamme,89,f
BERNARD,Forster,42,m
KAREN,Lanford,60,f
LISSA,Smith,62,f
GWEN,Post,63,f
GEORGI,Youmans,83,f
BRENDAN,Goff,33,m
NILES,Whitt,29,m
CORNELIA,Mcginnis,88,f
FAYE,Cannon,92,f
TAMIE,Elze,63,f
SANDY,Collins,61,f
JOLYNN,Adkins,22,f
YUE,Green,33,m
KARRI,Mason,61,f
ANIL,Gaia,32,m
AMIE,Dewitt,46,f
JOLINE,Mossman,87,f
ELOISA,Flynn,60,f
DREW,Britsch,42,m
KATHLEEN,Thorn,81,f
ALASTAIR,Massey,31,m
JULENE,Haveman,63,f
CRAIG,Free,44,m
RICHIE,Byce,87,m
ARVIN,Hill,29,m
MYRA,Mcdonnell,61,f
BORIS,Austin,30,m
CLAUS,Malick,43,m
SHERIDAN,Leffel,33,m
CONSTANCE,Callihan,89,f
BABAK,Berry,32,m
QUINTON,Anderson,33,m
ENRIQUE,Player,30,m
LYNDSAY,Muray,46,f
VIOLET,Nealley,83,f
JELENA,Keating,61,f
PHOEBE,Noteboom,47,f
GIUSEPPE,Hiller,42,m
SHANDA,Denti,47,f
ALEKSANDAR,Nutter,31,m
JANUSZ,Ratner,29,m
HAMID,Villasenor,43,m
CARISSA,Dixon,21,f
TAMIE,Fafard,60,f
DOLORES,Shauger,83,f
HARRIS,Proper,33,m
MAC,Boyd,84,m
JARVIS,Hourigan,29,m
LAEL,Myers,92,f
TRACEY,Jacobs,42,m
COLLIN,Duus,31,m
JOSEPHINE,Bridges,89,f
TESSA,Rifkind,21,f
MALIA,Helme,50,f
ROYAL,Enos,29,m
PIOTR,Wallingford,32,m
GABRIEL,Hodges,42,m
MIRELA,Scofield,22,f
HARLAN,Ryan,79,m
BRANDEN,Reichert,30,m
CARYN,Coleman,52,f
ALEC,Riggs,32,m
CRYSTAL,Seaman,51,f
GIDEON,Petty,43,m
NICKOLAS,Stevens,44,m
ELLEN,Crowley,48,f
BETH,Hathaway,62,f
MAUREEN,Mann,46,f
ISABELLA,Hook,21,f
MARCELA,Watson,48,f
ADEL,Sweat,32,m
COLTON,Miller,30,m
NADEEM,Coulthard,30,m
DORCAS,Chowdry,22,f
MARKUS,Lamoureux,32,m
MOHSEN,Shealy,31,m
ASHTON,Davis,22,f
UTE,Summers,60,f
CARTER,Waddington,29,m
TANIA,Joyce,48,f
STEFAN,Brigham,32,m
JULIANNA,Oleson,22,f
RONNIE,Tebeau,33,m
BOHDAN,Oliveira,72,m
TOBY,Mendez,44,m
MINDI,Johnson,60,f
ROBIN,Sterling,47,f
INA,Ransom,88,f
ANGELINA,Delaune,21,f
KERRI,Burkes,52,f
NELSON,Allen,29,m
DEBBIE,Kurts,66,f
EDITH,Penning,22,f
RYSZARD,Long,44,m
LONA,Brown,83,f
ADRIA,Swanner,52,f
PEYTON,Wilson,22,f
GLENNA,Bracy,84,f
SELMA,Bard,85,f
KATRIN,Vetere,66,f
GEORGIA,Miller,66,f
ANDREI,Thomas,43,m
LAVONNE,Mandel,82,f
REGAN,Lamont,50,f
LEILA,Gordon,83,f
CARON,Nungesser,51,f
JULIE,Myers,62,f
SUSAN,Keim,60,f
TAMERA,Brown,63,f
ROXANE,Allinder,65,f
NELLY,Kaufman,46,f
FORREST,Phillips,42,m
LUTHER,Brant,43,m
MALIA,Meins,22,f
NADA,Erickson,21,f
MILLICENT,Aubuchon,66,f
MACKENZIE,Heywood,22,f
ARLINE,Licata,87,f
LEVON,Shelton,44,m
SONDRA,Rowland,84,f
ELLYN,Gray,21,f
BRADFORD,Hadley,43,m
KRISTOFFER,Porter,43,m
DOROTHEA,Newton,64,f
ROBBY,Bergmann,42,m
ELMA,Coates,91,f
BRODIE,Cawood,29,m
IMOGENE,Spears,86,f
DORINDA,Broderick,60,f
NILS,Seiler,79,m
ADRIANNA,West,21,f
HOYT,Fulton,43,m
RANDEL,Quickel,30,m
DANICA,Harder,46,f
GIUSEPPINA,Mcclanahan,48,f
MILO,Overstreet,78,m
LESTER,Friedman,42,m
ADELINE,Scott,64,f
MARGERY,Brookens,91,f
GLENN,Oneal,73,m
JEFFERSON,Baer,80,m
MAVIS,Anselmo,89,f
JOSHUA,Ovesen,31,m
CARIE,Borrero,46,f
MALISSA,Sacco,52,f
BRANDT,Prather,32,m
ABBY,Conley,22,f
MARIANNE,Goldberger,62,f
SUZANNE,Johnston,46,f
BONITA,Hunter,62,f
CAMERON,Pelkey,29,m
LENORE,Fogle,81,f
FRANKIE,Montagnino,90,f
MARCIE,Lynch,50,f
JOHANN,Wright,33,m
JOY,Engel,87,f
ERICK,Wagner,32,m
NICKOLAS,Lister,44,m
RODERICK,Pearson,72,m
LANCE,Stepanian,32,m
SHARYL,Derbes,62,f
JENNIFER,Cole,47,f
MARLA,Colhouer,66,f
SUZANN,Blanchard,81,f
CATHARINE,Bailey,83,f
CLARENCE,Spring,44,m
ALYCIA,Gray,52,f
TRENT,Atkinson,31,m
NOLA,Stemen,63,f
ELISABETH,Goodale,22,f
BURT,Campbell,80,m
SUZANNE,Smith,52,f
FREDERICK,Jacobson,31,m
AKBAR,Keller,43,m
CARROLL,Cerce,95,m
DAMIEN,Kuntz,43,m
KARMA,Keys,61,f
MARLEEN,Carlson,88,f
FRANCIS,Buttell,79,m
DARLEEN,Brousseau,92,f
SHERI,Wierengo,61,f
LEONOR,Coon,96,f
BRIANA,Fanaro,21,f
JEDIDIAH,Breen,43,m
FRIEDRICH,Davis,30,m
NOLAN,Abbott,31,m
SHAYLA,Vallario,22,f
ARLA,Asbury,81,f
KRYSTA,Thomas,47,f
TRINA,Borisova,50,f
KIMBERLEE,Lull,52,f
JATINDER,Perez,44,m
JENINE,Merold,61,f
JUTTA,Deering,63,f
SHAWN,Krus,42,m
DEANNA,Hall,47,f
TRUDIE,Saling,60,f
MAHER,Carone,31,m
EVE,Forsythe,63,f
SUSANNAH,Hajek,50,f
SHAY,Small,30,m
ERICK,Mitlo,33,m
DANITA,Ketchum,50,f
RODD,Lathrop,43,m
TAMARA,Christopher,52,f
KIMBERLI,Deese,22,f
ADELINE,Thom,21,f
YVONNE,Lafata,81,f
ROGER,Ostrander,80,m
CAMI,Jenkins,48,f
JUTTA,Vindigni,62,f
BRITNEY,Murray,22,f
MARCY,Jordan,52,f
JAMES,Smith,32,m
ADEL,Hummel,44,m
SETH,Hoffman,30,m
RODERIC,Rice,72,m
HASAN,Kelly,29,m
SOPHIA,Mckay,21,f
MICKEY,Scherer,44,m
BINA,Holmes,21,f
KISHORE,Krone,32,m
ROSEMARY,Conn,90,f
JANUSZ,Briley,29,m
ARASH,Hess,31,m
CURT,Frost,44,m
CAROLEE,Cummings,50,f
JEANINE,Zoller,65,f
JOHANNA,Kehrer,48,f
SYLVAIN,Wright,30,m
DELYNN,Joyner,47,f
TERRI,Pringle,60,f
RAY,Mihalick,32,m
CYNTHIA,Granahan,46,f
DEWITT,Miller,80,m
NORBERT,Rankin,72,m
RANA,Scott,47,f
LANI,Marinelli,22,f
MARVIN,Narciso,44,m
LEESA,Evanich,29,f
NICOLA,Billick,31,m
ANNE,Thornton,52,f
CHERYLE,Bondi,61,f
CARY,Victor,72,m
ELIJAH,Zocchi,29,m
LILLY,Phillips,21,f
CANDI,Campbell,65,f
MIA,Jacobs,50,f
DELLA,Runkel,81,f
TONJA,Brewer,65,f
DESPINA,Stubblefield,84,f
CHARLOTTE,Lapan,96,f
KARRIE,Gaver,51,f
LAURETTA,Dressler,81,f
ANJA,Edmonds,22,f
NIALL,Hager,31,m
FAN,Marchese,81,f
LARAINE,Mccloskey,65,f
ANGELIKA,Moyer,22,f
MATHEW,Blaney,43,m
BIRGIT,Todd,52,f
KATHERIN,Faulk,47,f
REBA,Peck,83,f
MARCIN,Fritz,30,m
KATHI,Williams,65,f
CHERRI,Weitz,52,f
MANSOUR,Decker,30,m
RENA,Walker,50,f
MARIAN,Brown,81,f
SIMON,Stanfill,31,m
CATHI,White,63,f
SHEREE,Fitch,60,f
BRITNEY,Holecek,22,f
CIRO,Snyder,42,m
CHRISTIN,Graham,21,f
SVETLANA,Winters,21,f
VIKI,Spadaccino,62,f
EVELINA,Switzer,85,f
EUGENIA,Brown,48,f
LU,Ham,65,f
CHARLA,Ramp,50,f
ELIJAH,Sattler,31,m
REBECCA,Lampkin,21,f
PHOEBE,Malboeuf,22,f
GARRET,Williams,31,m
JANUSZ,Carter,29,m
LIV,Hass,22,f
MERLIN,Mangeri,42,m
VALERIE,Smith,59,f
WILLA,Brown,87,f
EVAN,Mccloskey,31,m
ARLINE,Yee,63,f
DEANN,Morrish,51,f
DANIEL,White,84,m
EARLINE,Mcghee,82,f
BASSAM,Jovanovich,30,m
HELENE,Dalton,83,f
GLENNA,Mathieu,89,f
PILAR,Downing,52,f
RAMIN,Pratt,43,m
JEANA,Burchette,50,f
SHERYLE,Cronauer,63,f
ELYSSA,Wray,22,f
DELILAH,Malone,52,f
AHMED,Allen,30,m
GEORGIANNA,Fagan,61,f
SUELLEN,Gardner,63,f
AVA,Liepold,22,f
MARGERY,Hoffman,59,f
JATINDER,Day,44,m
KERRY,Kellner,50,f
RENATA,Mickey,61,f
PAIGE,Schubert,52,f
ALTA,Oconnell,96,f
IRENE,Nickerson,88,f
ELBERT,Wooley,73,m
PETAR,Cochran,29,m
ADOLPH,Aronowitz,42,m
RODNEY,Stricker,34,m
KERMIT,Slater,74,m
DEBRA,Dresback,65,f
DAMIEN,Thompson,43,m
NIKOLAI,Wiseman,31,m
TANYA,Barbati,47,f
MARTHA,Busch,90,f
OLE,Grenier,29,m
FREDRIC,Gillespie,79,m
NETTIE,Burt,47,f
CHRISTOS,Levine,42,m
INGEBORG,Stout,96,f
SHERRI,Sharp,50,f
DANITA,Lindsey,59,f
KYLE,Upton,30,m
JARED,Young,42,m
MICHELL,Zimmerman,51,f
OLENA,Potokar,48,f
NORRIS,Troxel,33,m
BRIDGIT,Roberts,48,f
MACK,Cook,79,m
ASA,Armentrout,29,m
JEREMY,Misener,33,m
ANNAMARIA,Anderson,63,f
MILLIE,Schmidt,89,f
DARIUSZ,Stanford,31,m
LOTTIE,Mcgill,82,f
GIGI,Smith,59,f
ROSE,Maloney,51,f
JUSTIN,Falcao,33,m
JOHNPAUL,Thompson,32,m
BERTRAM,Stoker,87,m
CAROLE,Pitts,81,f
GALE,Daigle,65,f
ARNE,Hostetler,74,m
RANIA,Mclouth,48,f
PENNY,Woodruff,59,f
CODY,Abraham,33,m
DORIT,Burns,50,f
HORACE,Anderson,73,m
LOUANNE,Riley,65,f
HARRIET,Woods,59,f
HOWARD,Emmet,73,m
HOWARD,Manyen,74,m
GENA,Hoss,48,f
LENORE,Mcqueary,90,f
JODIE,Waters,31,m
REKHA,Musgrove,50,f
WILEY,Phillips,31,m
ARMEN,Wuerth,31,m
ALBA,Vermette,89,f
SONNY,Surface,22,f
PASCAL,Sayre,33,m
NICHOLAUS,Brinson,42,m
BRYANT,Morrow,73,m
TAMMIE,Heasley,51,f
RILEY,Brand,22,f
ARLYN,Whitman,52,f
GRAHAM,Arnold,29,m
DERRICK,Devito,43,m
STANISLAWA,Clark,98,f
FARHAD,Breems,29,m
OLLIE,Davis,84,f
LARRY,Porritt,80,m
BRIAN,Munyan,31,m
MEREDITH,Hebrank,27,f
JULIANN,Looney,63,f
BRADLY,Smiley,33,m
KELLY,Leaman,65,f
CARRI,Frisella,47,f
CRISTY,Stubblefield,65,f
HASSAN,Holiday,32,m
ATHANASIOS,Eschenbach,31,m
KAREN,Galbraith,59,f
GUDRUN,Rouse,51,f
THIERRY,Wright,32,m
GAETANO,Hanka,42,m
BETTE,Brown,77,f
KATHI,Thigpen,65,f
RENATO,Wedding,31,m
VIOLA,Brocks,89,f
RAM,Arruda,32,m
DANIAL,Neff,74,m
MIKHAIL,Rohrig,33,m
AUGUST,Ferrante,22,f
HELENA,Roudebush,50,f
SHANA,Degrand,47,f
ADOLPH,Hyson,84,m
LITA,Bach,65,f
JOHNNIE,Bendele,83,f
CHRISTOPH,Heilbrun,33,m
ISAAC,Meyer,80,m
CLARKE,Taylor,73,m
REID,Larson,33,m
CLIFFORD,Gilliland,84,m
MARGIT,Gillen,86,f
ARLINE,Arnold,79,f
GORDANA,Hallman,47,f
LANETTE,Selin,51,f
AUTUMN,Liggett,22,f
MAUREEN,Bass,96,f
FRED,Eggers,74,m
DENIS,Price,22,f
ALPHONSE,Odell,33,m
FRITZ,Moore,44,m
CORIE,Benjamin,32,m
ELSA,Heilman,59,f
TORREY,Elswick,33,m
PATTIE,Voss,82,f
ALVIN,Warner,32,m
EARLENE,Nuce,85,f
RALPH,Shaffer,80,m
ANN,Lovell,84,f
ARNE,Hook,80,m
KAROLYN,Hanks,52,f
ELYSE,Lee,22,f
BRANDON,Montoya,42,m
MAYANK,Hanses,33,m
JANINE,Thurston,47,f
HENDRIK,Fifield,32,m
MARGUERITE,Anderson,59,f
SANTO,Saunders,78,m
CORINNA,Cook,51,f
BEULAH,Taira,84,f
LATISHA,Jorgensen,46,f
SELINA,Shelton,22,f
AHMAD,Donahue,42,m
JOAO,Hill,44,m
JOANNE,Taylor,82,f
NIKI,Murdick,51,f
MALIA,Greenwald,22,f
DAREK,Pirrone,33,m
SVETLANA,Scott,51,f
ALIREZA,Henderson,42,m
ADRIA,Susko,52,f
LEE,Wilson,78,m
SHIRA,Brantley,50,f
CONCETTA,Frazier,91,f
MELONIE,Willetts,48,f
MARYANN,Simeon,91,f
APRIL,Broughton,48,f
CLAIR,Lee,84,f
ILANA,Nieroda,22,f
MARNI,Bungo,52,f
RAY,Messina,79,m
LORRI,Farkas,59,f
GLEN,Senter,74,m
ANAND,Barker,33,m
FREDRICK,Pugsley,32,m
CASSANDRA,Brinton,52,f
ALTA,Butler,83,f
ANTJE,Tinsley,52,f
ROYAL,Landsiedel,73,m
ELAINE,Alford,78,f
KARIE,Jewell,59,f
TALIA,Ferber,48,f
ANTJE,Tousignant,52,f
HARLAN,Sartin,79,m
BRIAN,Crutcher,42,m
ELWIN,Eggert,32,m
LAURENCE,Osbourn,74,m
NORMAND,Kaze,87,m
JENNI,Feingold,59,f
ANNE,Slusher,52,f
RANDA,Barker,51,f
CAMIE,Odonnell,52,f
ERVIN,Horan,73,m
ERAN,Joynt,32,m
TRISHA,Flood,59,f
RANDEL,Schrader,44,m
KARALEE,Schwartz,47,f
FREDA,Campbell,92,f
TONIA,Armour,50,f
ALENE,Belisle,81,f
MYRNA,Ruegg,87,f
MALISSA,Kalpakoff,52,f
MISAEL,Barnhill,32,m
STEVE,Alt,73,m
ANNMARIE,Rowland,59,f
RHIANNON,Nix,47,f
TRACEE,Mcmanus,45,f
WENDY,Gunn,44,f
BRIEN,Nichols,32,m
JANN,Melvin,91,f
ROSANNA,Kraus,66,f
NELLA,Gonzalez,52,f
GERI,Danek,47,f
GUY,Edwards,78,m
DARRIN,Oswald,33,m
ALFRED,Sheppard,80,m
ALYCE,Wright,84,f
DARIA,Wallace,45,f
MARJORY,Ditomasso,91,f
EUGENE,Morice,79,m
BRITT,Nichols,47,f
CHRISTAL,Neff,50,f
STEPHANY,Peoples,22,f
DARREL,Leclair,32,m
DENIS,Deloach,73,m
KIT,Spry,83,f
DAREK,Wakefield,33,m
HELENE,Russell,82,f
ISAAC,Flaiz,42,m
JEANNA,Hill,59,f
LELA,Macdonald,51,f
RAMI,Gibbons,33,m
MIRELA,Stone,22,f
XOCHITL,Davis,44,f
JON,Dewing,83,m
CAROL,Ungarischer,84,f
BRIGITTE,Clements,59,f
GORDANA,Bear,50,f
KALEN,Fowler,48,f
ERIC,Brinkley,44,m
GINO,Magee,44,m
RYSZARD,Sweeney,44,m
JENINE,Brodsky,48,f
KATHIE,Ward,49,f
MERIDETH,Young,61,f
ALEKSANDR,Oleary,33,m
GUDRUN,Jacobson,59,f
CYRUS,Bystrom,73,m
SLAVICA,Dschaak,48,f
DANITA,Forshee,50,f
PAVEL,Vegas,44,m
ERWIN,Ward,44,m
VERNE,Brady,74,m
IVONNE,Harrington,21,f
ELIE,Esses,79,m
MARILYN,Martin,83,f
VERNE,Pencil,42,m
KENNA,Cordeiro,63,f
GERI,Austin,51,f
ELSIE,Palinski,48,f
MIROSLAW,Satcher,107,m
MERIDITH,Surrett,49,f
MARYJANE,Laforge,65,f
ZACH,Taylor,30,m
JAIME,Hardin,47,f
KERMIT,Finley,79,m
DEIRDRE,Sims,49,f
JEROME,Beirne,42,m
TRAVIS,Burke,32,m
OPAL,Mccaughey,82,f
HOPE,Smith,49,f
BENEDICT,Johnson,74,m
JORY,Sorenson,32,m
JARRED,Conover,44,m
CHANDA,Faur,45,f
CARL,Haga,79,m
CHERISE,Gagnon,50,f
BENITA,Meeker,49,f
EFFIE,Wardlaw,89,f
SETH,Eckert,42,m
LANA,Timmons,77,f
VIRGINIA,Barcelos,87,f
ALON,Gurevich,42,m
MARLA,Vanpeursem,49,f
EULALIA,Cobb,47,f
LYNNETTE,Cicchetti,51,f
TRISHA,Reynolds,44,f
ALYCIA,Colvin,47,f
GENEVA,Jacob,82,f
JULES,Suhl,73,m
ELLEN,Klingaman,51,f
CORINNA,Webster,51,f
ILONA,Hancock,59,f
AMIE,Fox,48,f
HILARY,King,44,f
MARDI,Deloriea,65,f
MAHA,Patterson,47,f
BERNHARD,Bennette,80,m
MARNI,Mathes,51,f
GENEVIEVE,Burcham,87,f
JONATHAN,Cavallaro,32,m
NICHOL,Bader,51,f
KATHI,Holt,66,f
SHMUEL,Davis,44,m
CARA,Morgan,51,f
KELLIE,Compton,48,f
TENA,Martin,84,f
JACQUELIN,Bookless,51,f
ANTOINETTE,Allen,49,f
EYAL,Tate,42,m
WENDE,Barber,48,f
ADELAIDE,Cacy,90,f
MARYBETH,Todd,51,f
JACQUELYN,Puch,92,f
CAMILLE,Thorne,51,f
ROSELYN,Rebbe,92,f
BENITA,Hill,65,f
LUCAS,Mormann,42,m
MICHELE,Morton,89,f
REGGIE,Baumann,42,m
JANAE,Moyer,47,f
ROLF,Martin,74,m
WENDEE,Davidson,47,f
STARLA,Green,51,f
CRISTIAN,Cisney,29,m
KATHRYNE,Richie,27,f
DARIUSZ,Beaudry,49,m
HELGA,Lang,65,f
KATINA,Thain,50,f
DARCIE,Rushing,50,f
ROCHELLE,Razmus,22,f
SNEZANA,Pellerin,47,f
ROYAL,Harman,43,m
JON,Brennan,32,m
NATHANIEL,Lawson,30,m
NADEEM,Parker,30,m
MIKKI,Howell,47,f
RANJIT,Noble,44,m
HERMINIO,Godwin,32,m
EZRA,Wallrich,32,m
DELORIS,Poulin,48,f
ALLENE,Gilpin,83,f
RUTHANNE,Hoyt,91,f
LARUE,Shapiro,76,f
TAYLOR,Maher,29,m
SHANNON,Wyman,44,f
SANDRA,Fultz,55,f
JENNIFER,Livingston,51,f
BARTHOLOMEW,Brown,46,m
NICHOLAS,Herron,29,m
TAMA,Gillespie,46,f
HARRIETT,Fennell,76,f
NADEEM,Yeazle,43,m
FRANKIE,Carter,87,m
DELAINE,Withers,50,f
COLLEEN,Elias,52,f
FARAH,Bluhm,48,f
MURIEL,Peebles,84,f
GLYNN,Smith,73,m
MAX,Christman,19,m
SALOMON,Cape,78,m
HAROLD,Pontrelli,72,m
GERI,Matherne,88,f
KALPANA,Suggs,50,f
SHU,Roundy,31,m
NANETTE,Schrader,46,f
BEVERLEY,Ladely,78,f
IMAD,Nelson,46,m
AHMAD,Devault,18,m
VIDA,Thomas,29,f
ERIK,Finocchio,34,m
KERI,Bareford,50,f
RONEN,Rowland,33,m
DEANA,Webb,44,f
DALIA,Love,48,f
TERRI,Allen,61,f
KIRBY,Clymer,72,m
CHRISTIANNE,Rybarczyk,45,f
LELAND,Mason,32,m
INA,Parker,84,f
LUCILA,Holt,44,f
MYRA,Fares,81,f
AGNES,Osullivan,92,f
JENIFER,Rogers,50,f
DALENE,Losasso,51,f
BETH,Sacerdote,62,f
TAMMI,Gordan,66,f
ANNAMARIE,Nederhood,52,f
GAYLEN,Knapp,46,m
DEANNA,Sokolowski,60,f
PENNI,Kent,48,f
HERBERT,Mero,85,m
ELISSA,Medina,21,f
HARRIET,Jordan,76,f
BRUNO,Rekeweg,20,m
AUDREY,Muhr,82,f
CRISTINE,Smith,36,f
STACIE,Pugh,39,f
PETRA,Barnes,40,f
LEANNA,Spidle,24,f
LILLIAN,Vanmeter,91,f
BERNHARD,Tavernier,86,m
GERMAN,Annis,20,m
LELA,Kave,89,f
ROBBIE,Dullea,77,m
DOMINICK,Jensen,21,m
KAMAL,Musso,22,m
DARCI,Horn,36,f
STARLA,Henry,43,f
JOANI,Daniel,78,f
ROCK,Bobel,80,m
ILA,Beier,81,f
KATHERINE,Wood,41,f
GEORGINA,Heinisch,40,f
LUCA,Walz,20,m
KENT,Waldon,60,m
KIMBERLEY,Clark,43,f
JACY,Kirby,40,f
VELMA,Welch,81,f
IVANA,Curtis,21,f
LACY,Dambra,18,f
ABE,Brown,79,m
NARCISO,Gagliano,62,m
BRENNAN,Putney,21,m
KIRBY,Adams,63,m
CHRISTIE,Catanach,42,f
SCOTTY,Odonnell,61,m
KARMEN,Pistritto,42,f
CAROL,Leonard,79,f
CHRIS,Elliott,57,m
LAVONNE,White,34,f
DANNIE,Biery,75,m
GLENNON,Harrison,81,m
SANDOR,Jacobs,62,m
EYAL,Goecks,54,m
BRYANT,Stegman,20,m
MYRA,Downing,78,f
NEVA,Murray,76,f
GENEVIEVE,Scott,42,f
ALEC,Taber,63,m
DEENA,Patch,35,f
HEE,Thilges,34,f
OREN,Miller,77,m
VIRGINA,Kelly,81,f
CLARA,Ostroff,91,f
HENRIK,Shuck,20,m
CHANTEL,Scott,36,f
CASSIDY,Finkbeiner,21,f
KERRY,Herman,35,f
FLORIAN,Salla,57,m
DON,Sieben,62,m
LYUDMILA,Parrish,18,f
ALEKSANDR,Ebenstein,21,m
JIMMY,Stanley,78,m
MURRAY,Ellenberger,55,m
MARLIN,Centilli,80,m
CARYL,Molesworth,77,f
STELLA,Reiff,94,f
GERHARD,Costigliola,57,m
LINETTE,Hermanson,34,f
CRISTIN,Gregg,34,f
SAMER,Tuman,22,m
PATTY,Sanderson,88,f
SANTO,Henderson,21,m
MELVYN,Whitney,79,m
KRISTEN,Creech,34,f
KRISTIE,Bruckner,41,f
JULES,Merrill,54,m
CARL,Mashore,75,m
INDIA,Perry,35,f
ELDON,Hail,86,m
VIJAYA,Bobinski,34,f
BOGDAN,Wasson,22,m
DORIT,Rayno,43,f
WINIFRED,Mcwhorter,80,f
CLYDE,Glenn,81,m
LAVERN,Ross,75,m
ASHLIE,Hill,21,f
CALLIE,Dittmar,40,f
RILEY,Hale,18,f
SLOANE,Russell,42,f
MICAELA,Stover,43,f
VITA,Bruce,41,f
BETTYE,Marais,88,f
VIOLETTA,Aloia,39,f
WOLFGANG,Eno,54,m
NICOLETTA,Ashley,96,f
JESSIE,Moore,41,f
TERRY,Wright,64,m
CLAUDINE,Mudd,96,f
CHARLA,Oconnell,39,f
KARINE,Bemis,81,f
SIMONA,March,24,f
ANDREI,Moran,20,m
TATUM,Parker,39,f
RAY,Mustafa,53,m
ELLIS,Woody,75,m
MILAN,Sabbatino,21,f
MARIAM,Hughes,82,f
JANIS,Ellison,75,f
TZVI,Jackson,21,m
KRYSTAL,Jorgensen,36,f
JOAO,Faron,22,m
GREG,Dowdey,62,m
OLIN,Joyner,61,m
ARTI,Murray,24,f
TAMARA,Springs,40,f
STANLEY,Erwin,59,m
LAURIN,Fessler,75,m
MARTINA,Akin,39,f
ARIE,George,75,f
MORTON,Stoltenberg,85,m
REBECKA,Biba,41,f
TONY,Wilson,59,m
WALDEMAR,Ketchum,84,m
VERNON,Pennington,63,m
BLANCHE,Davis,88,f
SONA,Fulkerson,42,f
DUKE,Hoffman,20,m
LANE,Scardino,22,m
ESTELLE,Losee,88,f
RHEA,Davidson,82,f
GWYNETH,Rottinghaus,24,f
ELWOOD,Swope,76,m
MIHAIL,Creel,21,m
KINGA,Hunt,36,f
PAVEL,Wilson,21,m
JAMILA,Fultz,41,f
RHEA,Eberhardt,89,f
JAMISON,Fogarty,20,m
CARLEEN,Young,34,f
JENINE,Milcarek,24,f
MARISA,Miller,41,f
THEO,Bladecki,60,m
ELIJAH,Derrick,22,m
RUBINA,Weaver,36,f
MEGAN,Marquis,24,f
FREDRIC,Caples,63,m
TATIANA,Rosenberg,18,f
AUDRA,Kelsey,35,f
TAMATHA,Davis,34,f
ARLA,Bartlett,34,f
RUSS,Putz,86,m
ROHAN,Sisemore,20,m
NOREEN,Brace,81,f
BENNETT,Trotter,43,f
MERYL,Garner,33,f
KRYSTYNA,Fields,35,f
NANCEE,Kirschbaum,83,f
ALTA,Maples,86,f
MALGORZATA,Carter,40,f
GIA,Harrison,21,f
CHRISTAL,Strayer,39,f
ALLISON,Wurts,34,f
JERALD,Kimmet,61,m
KURTIS,Browne,59,m
MARLIN,Renfrow,55,m
JOANNE,Bergamini,78,f
RAELENE,Kau,35,f
BENJAMIN,Maggio,36,f
ELDA,Coon,81,f
ARLIE,Griffith,60,m
SLOANE,Clack,36,f
SOREN,Scifo,21,m
ARLIE,Stein,83,m
WILLARD,Miller,63,m
MYRON,Wilson,55,m
CINDI,Williams,35,f
KALA,Shetter,41,f
MARIN,Stokes,21,f
SCOTTY,Schnieder,62,m
BERYL,Leary,79,f
SHLOMO,Majors,20,m
NANCIE,Orlando,83,f
PAOLO,Chouinard,54,m
ELYSE,Fletcher,35,f
SHELBY,Livesay,24,f
HARRIS,Murphy,22,m
JASON,Zimmerman,21,m
KARON,Mott,22,m
OLEG,Carter,21,m
EZRA,Snyder,21,m
ART,Martin,87,m
ELLIS,Brock,75,m
ALYSSA,Harmon,21,f
STEVEN,Deakyne,62,m
ANASTASIA,Hancock,18,f
CLAUDE,Miller,55,m
ERNESTINE,Ratliff,83,f
TOMI,Moore,36,f
ALEXANDR,Debolt,34,f
MARNIE,Wade,43,f
LEX,Youngblood,61,m
LYNETTE,Ours,82,f
GUY,Colwell,80,m
CECIL,Jameson,59,m
ODELL,Hoffmeier,84,m
ARLINE,Kanuha,82,f
KATIE,Ginn,40,f
LUCIANO,Jones,63,m
WILBERT,Witulski,62,m
ALFRED,Baker,64,m
HANNAH,Wyrick,18,f
TOMASZ,Hines,22,m
KAYE,Mantell,77,f
ELLIOTT,Gossett,54,m
JERALD,Hansen,87,m
RUSSEL,Wolf,55,m
TARA,Rathjen,41,f
ALBERT,Byrd,59,m
DANIELA,Outland,18,f
CARROL,Wernicki,80,f
HAILEY,Koves,18,f
MAGGIE,Engelhardt,21,f
MUSTAFA,Strough,21,m
MORDECHAI,Goff,22,m
EDDIE,Cisney,59,m
MALGORZATA,Mayhan,41,f
CRISTIE,Brown,41,f
RUSS,Keller,60,m
JANAE,Hanlon,43,f
DAMION,Manukyan,20,m
NIKHIL,Harrington,21,m
RAISA,Theriault,34,f
MARTIN,Cumbo,59,m
JAMAL,Sandidge,21,m
OLIN,Tibbs,60,m
DONNIE,Smith,61,m
ELIAS,Bailey,54,m
MARCELLO,Hahn,22,m
MARIE,Rivard,39,f
MITCH,James,22,m
RANDI,Shaw,39,f
TAMRA,Burriss,36,f
JUDSON,Yusupova,55,m
LOU,Beiler,81,f
HUGH,Lloyd,60,m
SHAUN,Walsh,60,m
SARA,Kier,36,f
RANIA,Vargo,24,f
CLAY,Trudel,62,m
MOHAN,Hardin,54,m
LOUIE,Pineda,59,m
CORAZON,Parker,21,f
RICHARD,Damon,62,m
WILLA,Mariner,76,f
AUGUST,Reuter,79,m
LORETTA,Walton,83,f
LYDIA,Drass,39,f
FRANKLIN,Gromley,64,m
BREANNE,Edwards,41,f
RONNY,Wagner,64,m
MURRAY,Shaffer,81,m
RONNIE,Newbrough,62,m
SIMONA,Merola,21,f
RICHARD,Windham,80,m
ELEANORE,Green,89,f
BRODY,Wengerd,20,m
ASHA,Hart,43,f
DIMITRI,Jones,22,m
MERLE,Lee,76,m
DELL,Schultz,81,f
IWONA,Neurohr,24,f
LYUDMILA,Hamons,18,f
PATRICA,Carey,21,f
JULIAN,Demore,22,m
SUEANN,Jennings,79,f
ADELAIDE,Gray,34,f
MALINDA,Smith,41,f
HERVE,Soto,55,m
FAUSTO,Rees,21,m
ROXANNE,Nordquist,41,f
SCOT,Pelton,64,m
CHEYENNE,Carpenter,18,f
ALEKSANDRA,Hayes,21,f
BRITA,Gray,41,f
BRET,White,54,m
PEARL,Johnson,90,f
ELYSSA,Vettleson,35,f
WINIFRED,Mathieson,91,f
DOROTHY,Mcelroy,82,f
GERRIE,Conaway,77,f
LUCRETIA,Beauchaine,41,f
AMANDA,Wicks,35,f
ADDIE,Holmes,89,f
JAMES,Watson,76,m
GEORGINA,Kennedy,93,f
LOIS,Carty,80,f
LINDSAY,Rodriguez,40,f
ANTONINA,Gantt,81,f
LANNY,Manes,60,m
LAURIE,Harbison,43,f
ALYSON,Shields,34,f
SUEANN,Fox,40,f
TAMI,Iwanski,41,f
MEAGAN,Kinch,35,f
SORAYA,Loomis,21,f
LAVERN,Thompson,75,m
ISABELLE,Taylor,24,f
MINNIE,Phillips,95,f
NILES,Schulz,61,m
LIZBETH,Dale,21,f
JOSEPH,Halterman,94,m
FEDERICO,Baker,64,m
PANAGIOTIS,Ferguson,60,m
JOHN,Blood,59,m
COSMO,Donner,20,m
VALERI,Conner,21,f
ANGELO,Sims,63,m
MURRAY,Smith,60,m
NANCEE,Simpson,41,f
STARLA,Snyder,18,f
MARGARET,Smith,82,f
TAL,Johnston,34,f
KAYCE,Flory,35,f
ROYAL,Moxness,87,m
PREM,Edner,21,m
JANEY,Blair,80,f
TAMAR,Gee,21,f
LOWELL,Mcbride,85,m
KARA,Ferguson,42,f
MICHAEL,Polson,22,m
BENJAMIN,Hooser,21,m
GRACE,Ecker,81,f
GENE,Benton,82,f
ALECIA,Short,40,f
KATERINA,Sweet,41,f
GABRIELLA,Basara,21,f
GAREN,Polson,21,m
CLAUS,Wheeler,60,m
MARIYA,Bradney,41,f
RENA,Smith,41,f
HEE,Woolery,41,f
RICHMOND,Conces,76,m
HENRIK,Cumbie,21,m
ALINE,Nichols,96,f
NADEZHDA,Kinard,24,f
CORAL,Crawford,21,f
ILAN,Bussey,22,m
CLEVE,Young,53,m
LUANN,Caudill,35,f
TEENA,Stevens,39,f
STAN,Dehart,62,m
CAROLANN,Nicholson,42,f
CAROLYN,Lanza,42,f
TATIANA,Alexander,42,f
ALFRED,Moen,62,m
BRANDIE,Blank,39,f
GUSTAV,Ferens,59,m
MELODIE,Linberg,41,f
FABIO,Pittman,22,m
AMINA,Coe,18,f
SERGEI,Gunter,81,m
JOANN,Brown,80,f
MARNIE,Brooks,21,f
SCOTT,Mckown,55,m
ALF,Wilson,55,m
ERNEST,Crowder,62,m
SHANNON,Bunn,41,f
ANDREY,Hayes,22,m
NATHALIE,Owen,35,f
BING,Vargovich,83,m
RAYNA,Dush,24,f
LOUIS,Thomas,80,m
LENORA,Stephens,80,f
ARNO,Daniels,59,m
SARITA,Overton,41,f
PAIGE,Valero,21,f
CALE,Ditta,21,m
RITCHIE,Swanson,61,m
TERESITA,Beckstrand,35,f
DARRYL,Seward,63,m
LILLIAN,Mcconnell,24,f
ROBBIE,Vanderbeck,77,f
YASMIN,Seale,18,f
NORM,Lindsay,61,m
LAEL,Kapp,21,f
MARLO,Ellis,20,m
NATALIYA,Raveling,21,f
VENESSA,Dickerson,42,f
ARTUR,Otwell,20,m
MILTON,Finnegan,60,m
ASHLEE,Mahaffey,40,f
ELEONORA,Shenkel,42,f
ISABELLA,Fogerty,21,f
JODI,Sharp,40,f
TARUN,Lorusso,21,m
NATALIYA,Karst,18,f
MICHAL,Caswell,80,f
HARVEY,Sparks,78,m
EKATERINA,Condit,42,f
SARA,Thompson,42,f
STEPHEN,Pietrowski,60,m
ABIGAIL,Freres,21,f
MARGENE,Livingston,77,f
CORAL,Malott,24,f
BELEN,Holman,41,f
NICK,Jones,76,m
KIERAN,Gulick,21,m
LAWRENCE,Monroe,61,m
BILL,Pratt,87,m
AMOS,Adrianse,20,m
DEANN,Rogers,41,f
HELMUT,Grego,60,m
SUSANN,Hackney,76,f
KURTIS,Barber,62,m
CURTISS,Russo,59,m
JOANN,Schilling,90,f
MARA,Noelke,41,f
GERHARD,Michel,61,m
TYE,Kamel,36,f
NIKOLA,Sharkey,24,f
PAT,Ray,63,m
TYE,Carnell,20,m
GLEN,Reynolds,63,m
ANASTASIA,Devalle,18,f
SANDRA,Parham,76,f
ELISA,Laskey,39,f
JENNIE,Cutter,86,f
ELDON,Mcfarlane,86,m
BRANDY,Huber,40,f
BRANDT,Hirsch,22,m
DOLORES,Anagnostopoulos,91,f
SKYLER,Reynolds,63,m
ZACHARIAH,Roberson,20,m
LARRY,Levine,64,m
JOLANTA,Hockey,40,f
LEANNE,Dalton,42,f
KATIE,Blair,24,f
THURMAN,Staib,59,m
CHRISTEL,Peck,41,f
CECIL,Williams,22,m
TAMIKA,Bridges,34,f
DELBERT,Mobley,63,m
JENNI,Zartler,42,f
JESSICA,Pine,39,f
ANGELO,Gorham,62,m
JAMEE,Powell,34,f
GIDEON,Williams,22,m
SAMIRA,Kozal,21,f
NEWTON,Hoerner,63,m
CLAUDINE,Stoker,41,f
CATHIE,Royse,76,f
RYANN,Gesell,24,f
CAN,Shearin,21,m
MEGHANN,Beseau,36,f
MARILOU,Stone,40,f
ALEKSANDAR,Pound,21,m
ABIGAIL,Daniels,18,f
CHERI,Gordon,42,f
MARGIT,Roman,83,f
MATT,Henthorn,62,m
GLENNON,Powell,55,m
LAYNE,Lanclos,81,m
KASSANDRA,Schultz,34,f
GIL,Romero,61,m
LAURALEE,Roehm,40,f
RICKY,Difilippi,63,m
HARRIS,Swartz,22,m
JAQUELINE,Lee,21,f
ARIANA,Jamieson,36,f
MARIE,Chesser,40,f
JAQUELINE,Weaver,24,f
JERRY,Cosmano,54,m
CHANCE,Banner,20,m
CLIFTON,Martinez,61,m
MORRIS,Griffith,61,m
ROLLAND,Scarbrough,86,m
AVI,Lauer,20,m
EDEN,Buskirk,18,f
DONALD,Phipps,84,m
AMIE,Newman,39,f
MARTINA,Hinson,41,f
TANA,Restivo,24,f
KENDAL,Legrand,63,m
LIESL,Bieber,41,f
MAURO,Reese,20,m
CLINTON,Rice,62,m
KALA,Allen,41,f
NED,York,78,m
JACK,Barron,81,m
ANGELO,Mackey,76,m
JACK,Paterson,21,m
KORY,Sutton,62,m
MERLIN,Wilder,80,m
GENE,Dolce,85,m
ELWOOD,Eischeid,80,m
SOREN,Sigler,20,m
MAREK,Davis,20,m
ANDRIA,Theall,34,f
VALERIY,Denkler,20,m
CAREY,Chrisman,61,m
PASQUALE,Murphy,78,m
STANTON,Meredith,61,m
KELI,Walsh,34,f
KATELYN,Paradis,34,f
WALT,Linares,76,m
SHERWOOD,Russo,62,m
ANATOLIY,Hicks,20,m
GENOVEVA,Debiasse,34,f
LINDA,Evans,77,f
RACHEAL,Dent,24,f
HOWARD,Acosta,63,m
MOHAMED,Susick,20,m
MIKKI,Thompson,36,f
CLINT,Parish,55,m
LAEL,Stikeleather,41,f
SARITA,Sammon,40,f
SCARLETT,Blumberg,41,f
SHERILYN,Auchey,77,f
GEORGIANA,Patrow,42,f
MICAHEL,Falkner,60,m
VINCENT,Jablonski,20,m
JENS,Ross,21,m
VIRGINA,Faulkner,35,f
ANGUS,Kirk,54,m
EMMETT,Mestayer,76,m
ALF,Street,81,m
JULIANNA,Case,18,f
JAMI,Miller,41,f
LENNY,Noel,59,m
MIHAIL,Chiappe,21,m
REX,Perdew,20,m
GALEN,Ahern,78,m
PHIL,Roberts,54,m
RAE,Teter,83,f
KATRIN,Mcinnis,40,f
MARC,Trogdon,59,m
KATARZYNA,West,36,f
ROHIT,Frasier,20,m
LIANA,Horan,34,f
JESSY,Teague,24,f
GLENNA,Jacobs,79,f
SHERWOOD,Chupp,63,m
KRISTEN,Dietz,40,f
KEREN,Padgett,41,f
KENDRA,Frank,36,f
HENRIK,Foley,20,m
FAN,Barringer,96,f
HANAN,Bell,40,f
TRISTA,Canney,36,f
AVA,Thomas,34,f
ALISA,Dembeck,24,f
DALENE,Chambers,89,f
CHRISTY,Reese,21,f
SHELLIE,Eastman,40,f
RICH,Overshiner,60,m
MARILYNN,Iorio,80,f
TORREY,Leighton,63,m
ANDREAS,Gerg,22,m
MILA,Allen,24,f
ANTJE,Deater,41,f
MARCELLO,Jenner,22,m
BILLY,Linton,61,m
MERIDETH,Emge,36,f
ELBERT,Williams,55,m
HASMIK,Kunz,34,f
MARY,Gomez,24,f
CHANTAL,Lecroy,35,f
MARIAN,Beil,80,f
MORRIS,Noack,78,m
LOYD,Dobberstein,75,m
CARINA,Joseph,24,f
GUDRUN,Hall,94,f
LILA,Malik,41,f
WILBERT,Reagan,87,m
LOYD,Seay,63,m
JACKLYN,Philbin,83,f
DAVE,Kaufman,76,m
DEVIN,Giles,22,m
CARROL,Chen,80,f
BEATRICE,Fisher,83,f
JULIANA,Miner,34,f
MICHAEL,Avila,61,m
DENNY,Poole,63,m
MILLICENT,Long,83,f
DAMON,Burkhardt,21,m
SPENCER,Wetzel,78,m
OLIVIER,Usry,22,m
KANDICE,Thomas,35,f
EDGAR,Lewis,64,m
DARBY,Daley,40,f
CREIGHTON,Soda,63,m
HUNTER,Proctor,22,m
JUSTINA,Clegg,41,f
MARITZA,Favazzo,35,f
CORRINE,Schoonover,35,f
LAVONNE,Hollingsworth,80,f
TOM,Saulnier,77,m
DARIO,Mabardy,21,m
CARL,Heitman,76,m
STERLING,Hollis,21,m
TOD,Holmes,54,m
HEIDI,Eakin,41,f
OLE,Gibson,55,m
EMILY,Mizell,41,f
MAYA,Higgins,36,f
RUSSEL,Pinto,61,m
TUCKER,Keith,22,m
BRITTNEY,Huff,24,f
EDGAR,Schwanz,22,m
MOLLY,Strope,24,f
SHEILAH,Corn,80,f
GLADYS,Weinberger,93,f
BART,Dukes,61,m
SAM,Clark,64,m
SHAINA,Tucker,36,f
OPAL,Amato,21,f
NICOLLE,Groh,42,f
NILS,Miller,61,m
MARZENA,Hays,41,f
KELI,Grieve,42,f
GERARD,Noble,80,m
ALDEN,Forster,22,m
VIKTOR,Dortch,54,m
ZBIGNIEW,will,54,m
ALICJA,Fettes,41,f
TAMELA,Mccool,41,f
SHANTI,Franzese,42,f
RAINER,Grey,22,m
JACQUE,Bousquet,42,f
TERYL,Poteete,77,f
ANGEL,Caplan,22,m
LAUREL,Barbee,41,f
MASON,Hyde,22,m
KYLA,Ballweg,42,f
FIONA,Bloom,18,f
BRICE,Haar,64,m
KAROLYN,Baggs,34,f
CLIFF,Morris,60,m
BENTON,Hayden,64,m
DANELLE,Peters,41,f
ELLIOTT,Ballance,59,m
OLIN,Maloy,87,m
LOUIS,Spann,80,m
YELENA,Speaker,18,f
MARNIE,Smithyman,40,f
YULIA,Carpenter,21,f
SHIRLEY,Lambert,81,f
CHASITY,Hansen,40,f
ABIGAIL,Cox,18,f
ROB,Ledwith,60,m
CHRISTIANNE,Decker,35,f
PAT,Catlin,83,f
TRISTA,Morrison,36,f
ZACK,Nathan,21,m
CHUCK,Black,61,m
BRYANT,Mclean,55,m
PHILIPPE,Dyer,84,m
QUINTIN,Lehmann,78,m
MAIA,Vest,41,f
MARLIN,Carroll,84,m
JANI,Smith,21,f
CHRISTIN,Parker,41,f
VIOLETTA,Kerwin,93,f
REGINALD,Halliburton,61,m
JOCELYN,Ishmael,35,f
NICOLA,Witten,33,f
LUANA,Mooney,88,f
REBECCA,Wilson,35,f
BARBARA,Schumacher,79,f
ELISABETH,Pearcy,36,f
WILFRED,Merrill,83,m
GUNTHER,Risko,55,m
DONALD,Johnson,59,m
SAM,Hindes,60,m
RHETT,Swarthout,63,m
MONROE,Patterson,87,m
STEWART,Colson,60,m
TONJA,Burgess,78,f
FEDERICO,Magner,22,m
BETHANN,Carlisle,34,f
DEREK,Mcdonald,21,m
MORDECHAI,Fitzgerald,22,m
MARA,Grether,36,f
NICOLETTE,Hamilton,18,f
JERALD,Longstaff,59,m
MARILYN,Claire,18,f
CAMIE,Miller,41,f
SIEGFRIED,Lewis,61,m
LANA,Lang,40,f
BEVERLEY,Daugherty,79,f
NIKOLAI,Marotta,21,m
STAN,Matos,79,m
KRISTEN,Lenhart,42,f
TANA,Feder,35,f
JACK,Bryan,22,m
CHRISTIN,Feder,35,f
SAMANTHA,Dunbar,21,f
LAUREN,Waltz,18,f
INA,Batts,88,f
ADRIANE,Harris,42,f
ELAINE,Mcclure,78,f
YELENA,Enright,21,f
CARLYN,Lopez,86,f
SILAS,Shirk,55,m
DOMINIC,Roger,21,m
BARRON,Smith,21,m
VERONICA,Marie,18,f
SAUNDRA,Lawrence,79,f
GREG,Cahill,63,m
KIMBER,Mcallister,34,f
JAMES,Harn,78,m
CASSIDY,Berk,21,f
CARMELA,Link,88,f
YURIY,Leary,21,m
HARALD,Conley,83,m
ASHLIE,Hughes,34,f
KACEY,Barefield,34,f
ALISHA,Bullard,36,f
LENNY,Krantz,21,m
JAIMIE,Harris,35,f
LISBETH,Vogel,90,f
DELANA,Cochran,36,f
FATIMA,Rogoz,21,f
CAROLA,Rotella,36,f
BURT,Dodd,80,m
JODIE,Stefanovic,41,f
ADELINA,Rogers,21,f
NIKOLAY,Ahearn,21,m
LIA,Steele,18,f
KILEY,Jarrell,18,f
VIRGINA,Jones,81,f
ELDEN,Klett,63,m
JAMEE,Harrah,35,f
FREDERIC,Flanagan,63,m
CHANTEL,Knaub,42,f
MISTY,Merlin,40,f
STEWART,Kramp,79,m
GRAYDON,Sievert,21,m
MIKE,Albright,80,m
DANNIE,Mccaul,60,m
JASPER,France,91,m
JOLANTA,Klausner,42,f
MADELYN,Litwinski,86,f
JOHNIE,Taylor,55,m
WILLA,Rushing,81,f
LOREN,Collins,79,m
MARYJANE,Sirota,79,f
CRISTINA,Davis,35,f
ASHTON,Danielson,21,m
JIM,Block,80,m
ANDRIA,Rash,36,f
BART,Rollins,76,m
MYRON,Carmody,83,m
CURTIS,Nau,54,m
DINO,Johnson,60,m
MOLLY,Glewwe,34,f
CONCETTA,Puhak,34,f
TERRENCE,Wilson,80,m
SUSANNA,Delgado,42,f
ELSA,Franco,40,f
MOIRA,Thompson,40,f
ALFRED,Holm,87,m
PHILIP,Alexander,64,m
SHEILA,Beckerich,80,f
FRANK,Klarman,78,m
HERLINDA,Ling,34,f
RICKY,Price,55,m
LYDIA,Luikart,21,f
SRINIVAS,Atkinson,54,m
JUANITA,Bryant,81,f
RUSTIN,Hutchison,21,m
LINDSAY,Chambers,40,f
KAYLEE,England,21,f
ARAM,Galiano,54,m
MANSOUR,Dillree,21,m
COLE,Doyle,21,m
JASPER,Huremovic,77,m
COLLIN,Leech,21,m
CURT,Scott,55,m
VAUGHN,Cross,76,m
NAVEEN,Stelpflug,21,m
RALF,Dyck,59,m
SHAUN,Schneider,21,m
HOLLY,Barley,81,f
VANCE,Osman,59,m
TRUMAN,March,85,m
KYRA,Thomas,21,f
UWE,Ochs,60,m
MAYNARD,Park,80,m
LUDMILA,Hennen,21,f
DONITA,Bennett,34,f
CLARA,Brakefield,42,f
OLIN,Knapp,84,m
ROMAN,Richards,75,m
SAMIRA,Ernest,21,f
LACY,Tanana,42,f
JACQUELYNN,Belisle,42,f
TRACE,Clyde,20,m
ERWIN,Obergfell,59,m
CLEO,Sershen,88,f
HAL,Smith,61,m
BOHDAN,Mccoy,64,m
NORM,Denevan,59,m
DEANNE,Green,81,f
DEENA,Howse,36,f
SHELLI,Bartell,42,f
DANIEL,Garland,77,m
GABRIELA,Nordell,34,f
MAURY,Green,76,m
OWEN,Fine,79,m
REED,Haunschild,21,m
GREGG,Johnson,60,m
ERICKA,Wilson,40,f
ORRIN,Wheeler,79,m
ANNEMARIE,Sazama,42,f
MERRI,Bingaman,35,f
MEGGAN,Byler,35,f
BRODY,Taylor,55,m
GLENNON,Forster,60,m
JANNA,Tice,42,f
LORETTA,Bingel,80,f
NIELS,Ellis,84,m
CARLTON,Wolf,61,m
AUGUST,Barnes,64,m
MERRILL,Gordon,84,m
DARRELL,Peterson,59,m
NITA,Italiano,77,f
SUZIE,Peaslee,42,f
LYNDA,Fagan,76,f
SCOTT,Arndt,54,m
PRUDENCE,Morgan,77,f
AVIS,Keller,88,f
SHAREN,Nielsen,83,f
SUSANNAH,Lankford,36,f
MARIAN,Gavigan,79,f
DARREN,Barcus,61,m
BRIDGET,Brunelle,36,f
LEWIS,Visconti,81,m
ARLINE,Reed,96,f
TERRIE,Fitch,79,f
VASILIKI,Brown,34,f
RORY,Ake,64,m
MABLE,Kaiser,92,f
NED,Boris,64,m
AL,Scheffner,78,m
JOETTA,Swanson,80,f
LEIF,Hansen,61,m
SHAREN,Rabe,81,f
LUCY,Grimm,36,f
TIA,Weisz,40,f
LEO,Davison,64,m
KIRA,Meister,35,f
KATHERYN,Brolsma,40,f
NILA,Quinn,80,f
JUDSON,Clifton,77,m
ETTA,Archer,88,f
WILFORD,Olson,55,m
JON,Paddock,54,m
RICKI,Lopez,36,f
BETTIE,Osullivan,86,f
GENEVIEVE,Ahlman,80,f
DIETER,Caulfield,55,m
JOSEPHINE,Lala,88,f
BUFORD,Gatlin,81,m
BRIGETTE,Koerber,35,f
EMILY,Rux,96,f
NATHANIEL,Steiner,63,m
BRYN,Hartline,36,f
JUDIE,Turnbull,80,f
JEFFRY,Mcdowell,64,m
CHRISTOPH,Abernathy,63,m
JAYE,Santo,63,m
MAURY,Williams,54,m
ANSON,Preast,54,m
GEORGENE,Crocco,81,f
HARRIS,Shappell,64,m
TERESSA,Gandy,42,f
LINDA,Carpenter,76,f
FLORENCE,Kitchens,94,f
MARGOT,Morris,82,f
BRANDI,Kelley,40,f
PATSY,Twietmeyer,86,f
UWE,Poe,55,m
ALIX,Pick,34,f
CHRISTOPHE,Pease,61,m
RODNEY,Concannon,58,m
CARIE,Boles,42,f
PAMELA,Cantos,42,f
BART,Smith,60,m
JULIEN,Trahern,36,f
ERIKA,Nash,36,f
SHERRILL,Mccasland,79,f
COLEMAN,Rose,77,m
NELDA,Daly,80,f
MARYBETH,Williams,41,f
MARITA,Lindsey,75,f
STANISLAWA,Richardson,108,f
KEELY,Jones,40,f
NADA,Organ,93,f
GRACE,Luvisi,36,f
CHUCK,Niles,60,m
ORA,Peckham,91,f
WES,Walker,64,m
MYRNA,Rhodes,88,f
JEANETTE,Jokic,81,f
KACEY,Gentry,42,f
MORTON,Erzen,86,m
GARRETT,Stolz,20,m
MARK,Gheen,64,m
NEAL,Pelletier,59,m
JOSEPHINE,Minion,75,f
CAROLYN,Sparks,75,f
BRIEN,Bauer,57,m
ETTA,Moore,79,f
HAZEL,Boone,86,f
TOM,Messer,54,m
FILOMENA,Neal,91,f
MANFRED,Sorensen,54,m
EMILIE,Thiry,76,f
BLAINE,Bell,85,m
BART,Cooper,55,m
REBECCA,Hippe,35,f
CLAUDE,Lundstrom,84,m
FRIEDRICH,Perrine,61,m
DONN,Digennaro,59,m
VERN,Williams,80,m
ALENE,Hanly,88,f
JACQUELINE,Petereit,81,f
ADELAIDE,West,95,f
WANDA,Moats,89,f
JERILYN,Etter,81,f
JERRE,Royle,95,f
ELLYN,Ferguson,76,f
JULENE,Fairweather,77,f
FREDA,Parisio,83,f
EDITH,Langenberg,83,f
EMMETT,Sultan,54,m
ALDEN,Bunn,83,m
ELEANORE,Cutuli,35,f
OPAL,Pedersen,83,f
MARISA,Edmunds,35,f
LIN,Fairchild,39,f
RUTH,Boston,35,f
VINCENT,Palacios,21,m
BILL,Mckee,81,m
VALERI,Melin,36,f
MATTIE,Hartley,90,f
GUNTHER,Cordon,57,m
JERZY,Phillips,21,f
RUSS,Summers,59,m
MEL,Murphy,59,m
CHAUNCEY,Wright,55,m
MEGHANN,Johnson,40,f
ANWAR,Billingsley,54,m
MERRITT,Scott,60,m
ROWENA,Livermore,35,f
ALESSANDRA,Jarnigan,36,f
KATINA,Stone,82,f
YOLANDA,Worsham,76,f
DRAKE,Wasinger,62,m
TOM,Price,63,m
JUDIE,Mcdonald,77,f
SYLVESTER,Obrien,81,m
GRAIG,Sullivan,54,m
BELLA,Ponte,21,f
KATARZYNA,Wahl,39,f
JILLIAN,Northrup,24,f
CARLYN,Rockwell,79,f
MARLEEN,Hadden,80,f
HAYDEN,Hazime,18,f
ANATOLY,Perry,22,m
LLOYD,Shiflet,61,m
ASHLEE,Ennis,42,f
STEPHANI,Joffrion,34,f
MIKE,Aston,59,m
KYMBERLY,Hartman,39,f
SOREN,Roth,21,m
LEILANI,Strickland,40,f
LORILEE,Buschmann,43,f
MAXINE,Steinert,86,f
TRUMAN,Sailor,54,m
NEELAM,Lykins,34,f
INGE,Heaton,41,f
JIMMY,Groves,56,m
KARLEEN,Southard,76,f
AMAR,Harrell,22,m
GLORY,Hawkins,18,f
EDGAR,Seeger,67,m
RAY,Carbonara,61,m
MALGORZATA,Laug,30,f
JOSIE,Didonato,80,f
EVE,Drain,46,f
ADRIANE,Mayo,30,f
MARNIE,Stafford,54,f
SMITA,Fedus,42,f
DANNIE,Starr,77,f
MARTYN,Wagner,47,m
ALEKSANDRA,Powers,19,f
CLAY,Grove,62,m
BRYN,King,19,f
DANIEL,Gross,67,m
GEORGIANNA,Hudnall,45,f
CARY,Hales,79,m
BRIGID,Mcpherson,62,f
VINCENZA,Young,44,f
KATHRYN,Crosby,54,f
CAROLANN,Kras,65,f
SHERYLE,Senuta,76,f
ROD,Davidson,60,m
MILENA,Moshier,19,f
DIAN,Hoffmann,62,f
IHOR,Murtagh,69,m
DELANA,Huff,65,f
HARMONY,Melotte,18,f
GERALD,Sandstedt,57,m
COLT,Kahrs,26,m
NOLA,Mcgovern,53,f
TEOFILO,Berger,57,m
LANI,Shore,54,f
INGE,Pinckard,90,f
LILLIAN,Reid,46,f
TIA,Obrien,45,f
STARR,Miller,30,f
SHANON,Daniel,53,f
GILLES,Hughes,62,m
MARJORIE,Grubbs,76,f
BARNEY,Robinson,61,m
WENDEE,Loeffler,54,f
DENVER,Farrell,29,m
PRAKASH,Kubitz,22,m
JADWIGA,Thomson,101,f
LUIGI,Gaul,46,m
KATHERYN,Forbes,75,f
STACIA,Crowe,45,f
DRU,Rosi,25,m
RONDA,Oesterreicher,54,f
GABRIELLE,Dellamonica,18,f
CAROLINE,Bauman,30,f
RUFUS,Ison,61,m
KIMBALL,Elbert,69,m
SHEA,Roberts,18,f
JEREMIAH,Dykstra,25,m
MEGGAN,Smith,41,f
TOMISLAV,Hunter,61,m
CONNIE,Hardy,76,f
DARREL,Denaro,56,m
GRETCHEN,Noble,46,f
CONSTANCE,Magie,54,f
ARIE,Adair,61,m
NADIA,Wade,30,f
SCOTTY,Pruitt,58,m
PHILIPPE,Gardner,22,m
PATRICK,Lindell,60,m
NEVILLE,Faxon,56,m
DARIAN,Britton,45,m
THIERRY,Romans,57,m
SCOTTIE,Schmelter,57,m
KATY,Avant,33,f
TESSA,Staley,33,f
DENNIS,Blankenship,68,m
ERROL,Miller,57,m
PAULETTE,Carroll,76,f
CASSIE,Kosloff,19,f
EVAN,Terry,22,m
STACIE,Searles,41,f
FARAH,Keenan,25,m
ELVIN,Rogel,73,m
SHAUNA,Wallin,54,f
DALE,Sherman,69,m
TANA,Davis,80,f
GEETA,Pocock,41,f
BERTRAND,Weaver,72,m
DEAN,Scott,22,m
MILLICENT,Ranck,91,f
ALAINA,Neely,19,f
REINA,Lovell,30,f
ANDRIA,Choiniere,42,f
ELISABETH,Patterson,45,f
OLLIE,Jenkin,91,f
LORNA,Zimmerman,80,f
EVE,Danks,21,f
NEAL,Harris,91,m
SHEREE,Tarsia,45,f
RITA,Martinez,54,f
DORINA,Clark,19,f
RISA,Rehberg,45,f
VASILIKI,Hart,21,f
KATHLYN,Henry,68,f
EMILIE,Nellis,33,f
LUCIAN,Spry,68,m
CHARLA,Hedrick,51,f
DANNETTE,Francisco,53,f
MELODIE,Campbell,77,f
WANDA,Day,101,f
TERRENCE,Kerns,69,m
GILLES,Gray,69,m
MERRY,Stovall,69,f
NATALIA,Scott,18,f
BRANKO,Curtis,62,m
SARKIS,Bevans,25,m
LAUREN,Gerson,21,f
NORBERT,Kuster,57,m
KIMBERLY,Dunn,44,f
MIRANDA,Cooper,47,m
QUINN,Dubose,25,m
JOAQUIM,Williams,73,m
BARRY,Cookson,45,m
PETRA,Sims,19,f
LORILEE,Ward,65,f
CONSTANTINE,Hodson,45,m
RANDOLPH,Killough,68,m
ADELINE,Mohamed,91,f
GERRI,Burns,42,f
SAYED,Smith,22,m
NEVA,Silfies,91,f
JEFF,Crossman,57,m
SOPHIE,Raff,42,f
BYRON,Baker,68,m
MERRI,Mann,41,f
BERNARD,Hockenberry,60,m
SUZIE,Malik,65,f
ABE,Lowe,68,m
ARVIN,Halabi,62,m
ARLEN,Stansell,58,m
NIKOLA,Haynes,53,f
LUCY,Mulcahy,21,f
RONIT,Beaudoin,33,f
JADWIGA,Hoffmann,101,f
HUBERT,Driskill,62,m
LAVERN,Sanders,88,f
SONIA,Bergman,33,f
MONTE,Creach,68,f
DONN,Matesic,82,m
CLYDE,Jones,46,m
TERRANCE,Ionescu,22,m
MADONNA,Buess,54,f
JESSE,Ohneck,47,m
GEORGI,Katz,53,f
LEX,Graybeal,69,m
YAKOV,Ladouceur,22,m
BREE,Erickson,19,f
CARIN,Clark,53,f
MICHEAL,Watts,69,m
DEBORA,Malone,68,f
COY,Robertson,45,m
LLOYD,Bloom,72,m
GUY,Gray,77,m
SHAREE,Smith,42,f
YANA,Bruinsma,21,f
JADWIGA,Webb,101,f
FRIEDA,Jackson,76,f
KARALEE,Linero,46,f
REUBEN,Moon,39,m
COREY,Gaines,22,m
MARIN,Peek,19,f
FAYE,Singleton,80,f
ELIZA,Blackham,19,f
TATE,Levy,25,m
GEORGENE,Evenson,80,f
JENA,Bevan,54,f
CELESTE,Daniel,69,f
JADWIGA,Crenshaw,101,f
LUTHER,Simpson,62,m
CAMERON,Byrd,21,f
BONNI,Kutz,30,f
CHESTER,Bayliss,61,m
KYMBERLY,Williams,33,f
GUY,Swilley,56,m
MAHA,Hansen,19,f
PATIENCE,Campbell,18,f
RONIT,Conley,22,m
ANNAMARIA,Gilman,54,f
CECILY,Johnson,21,f
MARLEEN,Kaufman,68,f
GAYLE,Teague,69,f
DEBRA,Kistler,69,f
ANATOLY,Crippen,22,m
ALICE,Dubose,89,f
KENDAL,Hunt,21,f
CORINE,Mcpheron,68,f
CAITLIN,Blanton,30,f
LEISA,Grigg,33,f
LUDMILA,Bowman,19,f
DELIA,Sockol,69,f
KYLIE,Lund,18,f
IHOR,Hart,72,m
MARISSA,Norton,33,f
ADMIR,Brown,22,m
MAXWELL,Wilburn,22,m
DORIT,Vickers,53,f
KARIE,Wiley,41,f
REX,Smith,73,m
KYLA,Park,19,f
PARVIN,Haney,60,m
DEE,Stormont,72,m
DONNY,White,47,m
SHANNAN,Lea,33,f
RICKIE,Black,68,m
DOYLE,Hunt,62,m
RANDEE,Burk,68,m
BOHDAN,Rush,58,m
MICHAELENE,Cancilla,44,f
LAURENCE,Walent,72,m
MARYLOU,Kennedy,76,f
FLORIN,Watson,92,m
ANDREY,Carosella,22,m
HARRIET,Loveland,99,f
CHERYL,Miller,65,f
JOANN,Rucinski,76,f
WILSON,Whalen,57,m
THEA,Hall,45,f
BUCK,Jamison,47,m
ALVIN,Kraig,77,m
MALGORZATA,Wright,41,f
JARETT,Wells,22,m
GRETA,Clementi,76,f
DONAL,Molz,60,m
MARYANN,Cashwell,41,f
MURIEL,Kibbe,76,f
BUCK,Duvall,81,m
PAMALA,Mortensen,57,f
AUGUSTO,Maples,47,m
AIMEE,Cavendish,30,f
SUZANN,Peterson,76,f
CANDY,Vanleeuwen,44,f
ANNETTA,Kinder,68,f
LOUIS,Sharp,73,m
CAMILLE,Towler,30,f
JULIEANN,Hirsch,33,f
ALLENE,Lacroix,53,f
KATHLEEN,Nice,76,f
SHARYN,Jonas,75,f
DUDLEY,Rust,58,m
BECKIE,Stober,65,f
DANIELA,Ouellette,21,f
MARIAN,Henline,77,f
JACOB,Upright,25,m
AUTUMN,Marlow,33,f
HELMUT,Straughan,58,m
RHIANNON,Caton,21,f
MELINDA,Piparo,42,f
GRACIE,Abbas,65,f
BERNHARD,Martin,61,m
MARNIE,Scott,46,f
JYOTI,Monaghan,42,f
MICAH,Groves,47,m
ARLYN,Woody,73,m
ASHA,Caltagirone,30,f
ARDEN,Ormonde,68,m
KERI,Krause,54,f
JOSLYN,Kneser,21,f
NED,Taylor,57,m
CARLETON,Wojtaszek,68,m
KAMI,Hinton,30,f
FARRAH,Slininger,46,f
TANNER,Welk,22,m
MIMI,Mcgillicuddy,42,f
GABRIELA,Nelsen,19,f
NELL,Jones,18,f
SARINA,Keeling,21,f
BROOK,Bowmen,46,f
MANDI,Diak,42,f
REAGAN,Lincoln,19,f
KAROL,Bassett,65,f
MARA,Banister,19,f
MICHALE,Reeder,25,m
NIGEL,Morris,25,m
RAYNA,Olson,21,f
GALE,Lark,65,f
KATHY,White,41,f
ENID,Jones,92,f
BRENT,Alfieri,61,m
PENELOPE,Desjardins,75,f
ANTONIETTA,Parenti,41,f
RUSSELL,Hague,46,m
CECELIA,Egnor,65,f
CELESTE,Duggins,68,f
PAMALA,Gerken,69,f
KEREN,Mohr,19,f
NAOMI,Carr,42,f
IAIN,Jordan,22,m
TRISTAN,Greer,21,f
JOLYN,Langston,30,f
KATHERINE,Clark,18,f
KATHIE,Gerry,68,f
VINCENZA,Knight,57,f
STERLING,Giannini,73,m
STEVE,Hickey,61,m
HANK,Coin,61,m
RORY,Carter,58,m
ELKE,Dietzman,30,f
NICOLA,Braccia,77,f
ALEKSANDR,Carr,22,m
MIHAELA,Schoenwetter,19,f
ANNABELLE,Carson,19,f
RODD,Musco,60,m
DOROTHY,Bowman,80,f
LIANE,Jones,45,f
SHERRI,Sullivan,68,f
GENEVIEVE,Achey,76,f
TEENA,Finkle,41,f
BRIGITTE,Gavlick,19,f
TERRILL,Riordan,45,m
LANI,Bomar,18,f
ZACH,Crouch,22,m
VIJAY,Ennis,45,m
CAREN,Roa,65,f
VAL,Mcmahon,72,m
TANJA,Ahmed,46,f
BARRON,Gomila,22,m
KACY,Kelly,30,f
BROOKE,Phelps,19,f
KRISTIN,Watson,41,f
ADELAIDE,Davis,80,f
MARTINA,Burke,19,f
IMOGENE,Gallagher,88,f
TIM,Pettengill,61,m
THERESA,Braga,91,f
CRISTA,Desmond,46,f
JARRETT,Driver,47,m
BRANT,Loccisano,60,m
NIKOLAOS,Pratt,25,m
MELODIE,Roca,44,f
SANDRA,Key,77,f
JIMMIE,Dillard,90,m
MARIUS,Selig,45,m
LETHA,Loyd,89,f
RAFAL,Hubert,46,m
TRINITY,Mcfarlane,19,f
ALAN,Melton,56,m
MARIJO,Ryan,42,f
CAROLE,Murley,80,f
LORRI,Richards,65,f
JEROLD,Stieben,81,m
MIECZYSLAW,Mann,103,m
ANGELA,Clayton,42,f
MIECZYSLAW,Palmer,102,m
JEANNINE,Zipkin,41,f
CHARLA,Curry,42,f
GINGER,Lopresti,54,f
KARISSA,Nease,33,f
CARLO,Brady,60,m
LONNY,Wagner,56,m
SCARLETT,Brooks,30,f
BRODIE,Conner,25,m
CYNTHIA,Lee,77,f
RUDOLPH,Jackson,73,m
DOROTHY,Swallow,21,f
SYLVIE,Harris,19,f
MELISSA,Foster,42,f
TALIA,Lester,19,f
HILARY,Wilkins,54,f
KIRK,Sharp,58,m
WELDON,Mizell,90,m
NAOMI,Hornback,41,f
SHAYLA,Stoffel,42,f
MAREK,Townsend,25,m
SUNITA,Harris,30,f
JIMMIE,Baum,76,f
SABRA,Norman,54,f
DESIREE,Facchiano,30,f
BARRY,Wishart,45,m
MISTI,Walker,42,f
GLORY,Hertz,44,f
BEN,Adrian,93,m
AL,Custer,69,m
WES,Bogan,69,m
LINDSEY,Canelli,30,f
ASHLEE,Salvati,18,f
LAUREEN,Smith,65,f
DENNIS,Fish,60,m
MANDY,Schoch,45,f
VITA,Uffer,69,f
CARLA,Montgomery,54,f
AMAL,Huff,18,f
JANN,Barrows,68,f
ANNELIESE,Rocchio,33,f
VIPUL,Goble,46,m
CIRO,Callebs,82,m
RICHARD,Flach,60,m
STEWART,Green,56,m
AKBAR,Farrell,22,m
CARY,Seifried,47,m
DANITA,Edwards,45,f
ELDEN,Silverman,72,m
STARLA,Burrill,45,f
MARILYN,Clouse,19,f
JOAN,Shoop,65,f
FREDERICK,Lark,46,m
AARON,Nygaard,45,m
ROLLAND,Ocasio,96,m
RONI,Mckenna,65,f
JERAD,Hooks,46,m
JANE,Strickland,90,f
DANETTE,West,54,f
GRACIE,Collier,19,f
AGATA,Mapes,30,f
QUINN,Hutchinson,42,f
GUSTAV,Kenley,73,m
NADINE,Farbo,85,f
TWYLA,Gordon,21,f
SAWSAN,Thune,21,f
MONIKA,Mcadoo,46,f
KYRA,Turner,19,f
JONELLE,Giere,44,f
JAYME,Gilvary,45,f
LEIF,Nelson,58,m
CARMEN,Fortson,69,m
DANIELE,Allen,44,f
DEWITT,Fox,96,m
GEORGIA,Johnson,89,f
CLAY,Senger,25,m
GWEN,Parillo,77,f
ROSALBA,Guin,42,f
DOMENIC,Reihing,60,m
KIMBALL,Nobles,61,m
DANNA,Johnston,19,f
COLT,Lofquist,25,m
JERILYN,Harsh,46,f
DEWEY,Dady,58,m
WALT,Fish,57,m
DAVIN,Harden,60,m
ODELL,Jacques,88,f
WILHELMINA,Strawderman,41,f
SAYED,Ramey,25,m
GERI,Grimaldi,53,f
ROLLAND,Williams,81,m
PATRICK,Mcbath,57,m
WALLACE,Oconnell,92,m
PAULINA,Franks,18,f
MONA,Jeffries,44,f
PEDER,Padgett,57,m
NOAH,Marlow,22,m
DMITRIY,Crotts,22,m
MARIAN,Mathewson,89,f
RUTHANN,Mayers,53,f
WITOLD,Altis,101,m
JOELLE,Makuch,53,f
AMANDA,Lee,46,f
DEVON,Haws,22,m
DENVER,Jeffrey,46,m
DEDRA,Stephens,44,f
CARIN,Sherman,41,f
DOMINIQUE,Carman,30,f
SAVANNAH,Tucker,30,f
DINAH,Hoffman,77,f
BRANDY,Austin,42,f
LILLY,Malin,18,f
ANGELINA,Warren,45,f
DORIAN,Hawkes,53,f
IVY,Pritchard,18,f
JEROLD,Harris,58,m
MURIEL,Singler,99,f
ROXIE,Bradford,44,f
DORIS,Gorden,45,f
HALLIE,Nicholson,73,m
EARLENE,Massaro,76,f
CARY,Waiters,58,m
DRU,Gates,57,m
ALINE,Mathers,84,f
CAMERON,Price,25,m
ERICKA,Mckee,21,f
ARDIS,Mullikin,76,f
CLIFF,Harrison,61,m
MONROE,Harlan,82,m
DOUGLASS,Schochet,60,m
ARLINE,Staley,76,f
THERESA,Russo,54,f
ROBERT,Esfahani,81,m
DERIK,Carvalho,46,m
ROLLIN,Sheppard,81,m
DANIELA,Dwyer,19,f
INGA,Ramirez,54,f
MARNA,Cook,53,f
GERALYN,Greene,19,f
CORRIE,Kinney,41,f
SNEZANA,Burnett,54,f
MARNI,Gaines,54,f
ISABELLE,Riley,21,f
LINDY,Olivieri,68,f
NATALIA,Buck,19,f
JOHN,Blackiston,25,m
SUELLEN,Delinger,41,f
NICKIE,Taub,45,f
LINDSAY,Franklin,41,f
BERYL,Justice,75,f
RENATO,Kahle,58,m
LESTER,Montalbano,56,m
LYNETTE,Wilhelm,75,f
TERRELL,Pruett,60,m
KIMBALL,Anderson,58,m
ARIEL,Sylvester,33,f
KENDALL,Douglas,75,f
SABINE,Franklin,44,f
CELESTE,Summers,45,f
BRITTA,Swonger,46,f
KELLE,Heiser,30,f
CHRISTI,Weaver,65,f
HOPE,Thirtyacre,45,f
SHAE,Smith,33,f
CAROLYNN,Hogan,76,f
BETHANNE,Yeary,45,f
APRIL,Dickover,44,f
NATALIYA,Tague,19,f
CELINE,Hungerford,53,f
GUNTHER,Wollam,60,m
IVY,Davis,21,f
EARL,Hackworth,90,m
RUSTIN,Williams,61,m
DONN,Jones,73,m
DIRK,Goodrich,73,m
KARRIE,Trenary,53,f
IRVING,Almeter,60,m
RETHA,Babbitt,89,f
IRENA,Franco,89,f
MELODIE,Walters,45,f
TIMOTHY,Barrow,56,m
RAYNA,Rando,18,f
ARNO,Jones,93,m
CYNTHIA,Sims,19,f
STEPHENIE,Wilt,54,f
DARCI,Radcliffe,18,f
DINAH,Lake,46,f
RODERIC,Kroll,46,m
BRYON,Mcgaha,25,m
LULA,Dunnell,89,f
RENITA,Fields,65,f
ARNOLD,Carmichael,60,m
KRYSTAL,Novotny,42,f
GIA,Clark,21,f
HANNELORE,Doolittle,65,f
LETITIA,Chapman,30,f
RODERIC,Lewis,45,m
TERESE,Barbano,65,f
CLAY,Smith,56,m
ALYSIA,Stagner,33,f
KEELY,Romero,46,f
MAIA,Kincaid,18,f
CARLY,Walpole,18,f
AI,Ayers,21,f
CYRIL,Balentine,98,m
KIERAN,Glover,25,m
CATRINA,Bode,42,f
SUZANN,Ross,68,f
LYNNETTE,Riley,69,f
IRINA,Hall,21,f
LELAND,Lasure,56,m
ROLF,Mossbarger,60,m
NATALIYA,Murray,18,f
JOETTA,Porter,46,f
ERYN,White,41,f
BUCK,Hanson,46,m
RACHEAL,Henderson,68,f
HALINA,Crawford,75,f
CLARA,Pierce,18,f
HOLLIE,Shew,41,f
AMIE,Michael,46,f
BRYAN,Hill,73,m
DANA,Gonzalez,54,f
OKSANA,Weiss,18,f
HENRIK,Boltjes,25,m
LINCOLN,Cowart,25,m
PATTIE,Mooney,54,f
RONNIE,Hilbert,68,f
BRADD,Fusco,46,m
AVIVA,Coppenrath,68,f
TIFFANIE,Stone,44,f
REX,Scott,73,m
NANCIE,Davey,65,f
AUDRA,King,54,f
GARRY,Smith,57,m
DELANA,Schollmeyer,65,f
WILLIE,Harpring,61,m
SEYMOUR,Killinger,46,m
TERA,Hogue,54,f
ROMAN,Wright,25,m
SYLVAIN,Messinger,56,m
FARRAH,Littmann,46,f
JENNIFER,Willey,46,f
ROLF,Young,61,m
DALENE,Roberts,44,f
ERIN,Huelsenbeck,41,f
MARILYN,Devitt,68,f
BENNETT,Beaulieu,25,m
KATHERIN,Fay,19,f
MAIA,Petree,44,f
LAYNE,Jorgensen,65,f
MAYNARD,Allen,90,m
RILEY,Moore,19,f
FREDRICK,Farr,56,m
JOLYN,Call,69,f
KRISTIN,Kobus,30,f
BEATE,Mccollough,54,f
HERMAN,Kaufman,73,m
JOHANN,Green,60,m
GARETH,Mascitelli,72,m
PATTI,Ogilbee,53,f
DENNIS,Timms,58,m
EDITH,Borders,89,f
SAWSAN,Lehnhardt,18,f
JACLYN,Peeler,19,f
TROY,Holley,25,m
TORI,Anderson,30,f
EFFIE,Peterson,92,f
ELLA,Jacobsen,21,f
DONALD,Messer,56,m
MARIANNE,Riffe,42,f
SHELLI,Sweet,42,f
JULIANE,Sturlaugson,53,f
SERGE,Calhoun,81,m
SUELLEN,Clark,68,f
CHRISTIANA,Guthrie,33,f
DARRYL,Bance,60,m
LIVIA,Teneyck,21,f
BREANNA,Smith,30,f
SUEANN,Edwards,69,f
GERD,Godley,57,m
SHANON,Dunlap,42,f
GREG,Szot,46,m
MIKHAIL,Sellmer,25,m
ROSANNE,Garza,69,f
MELVYN,Vansell,46,m
BYRON,Latta,61,m
BESSIE,Renella,65,f
BART,Mcnulty,58,m
MARIELA,Taylor,30,f
TED,Henegar,46,m
MACKENZIE,Terry,21,f
MARLA,Campbell,69,f
KERRIE,Mattson,68,f
KARI,Leader,44,f
JERRIE,Killinger,65,f
BIJAN,Weingart,45,m
CLEVE,Dipiano,72,m
ROSEANNE,Holder,65,f
ANDERS,Lee,46,m
TAWNYA,Filipek,33,f
ZACHARIAH,Otoole,25,m
RETHA,Austin,88,f
KRISTINA,Howard,18,f
RANDELL,Bohrer,58,m
TERA,Staat,41,f
MAHA,Choat,21,f
LANI,Smith,68,f
MANDI,Purvis,46,f
GEORGETTE,Doherty,53,f
TORY,Weidner,46,m
EMILEE,Vanderburgh,33,f
KING,Searles,73,m
CARROLL,Dandrea,81,m
ALEKSANDER,Johnson,46,m
YAKOV,Battershell,45,m
PHOEBE,Crenshaw,19,f
CHERIE,Brown,33,f
SHARLA,Wunschel,68,f
NORMA,Martino,92,f
BROOKS,Holloway,45,m
LORA,Schechter,46,f
GUNTHER,Lopes,96,m
ANNELIESE,Havens,33,f
SVETLANA,Mccarthy,44,f
ROMA,Spicer,89,f
VERONIQUE,Onesko,53,f
ZHANNA,Leggette,19,f
JUERGEN,Kline,60,m
BENNIE,Gilmore,57,m
BRANDT,Plotkin,45,m
TAUNYA,Richardson,77,f
MAREN,Ernst,53,f
RUDY,Handy,61,m
MARISA,Jones,44,f
PEDER,Lampkin,46,m
KATELYN,Furia,42,f
DIXIE,Doehring,88,f
NADIA,Zar,44,f
PRISCILLA,Abel,69,f
DOMINICK,Schoppe,25,m
JOHANNES,Denman,61,m
WHITNEY,Mook,18,f
MIRELA,Aumiller,18,f
LYUDMILA,Hoppman,18,f
BLANCHE,Rousseau,91,f
JAMEY,Jones,41,f
CARLENE,London,44,f
MINDI,Parise,44,f
CAMELIA,Sandys,44,f
JACK,Hannold,25,m
DOUGLAS,Key,60,m
MELONIE,Hurd,41,f
SHEA,Green,18,f
KEREN,Stamile,21,f
MIRELA,Cannon,18,f
JOYCELYN,Hatcher,21,f
MATT,Amerson,73,m
EDUARD,Henderson,46,m
ALENA,Demartini,21,f
SAMI,Burke,19,f
KRISTOPHER,Lackey,25,m
MAURA,Eberly,41,f
ANGELIKA,Romine,42,f
LUDMILA,Sinclair,68,f
NORMAND,Holscher,91,m
LONI,Bussart,42,f
LAURIE,Peyton,41,f
BROOKE,Wixted,46,f
BRADFORD,Robertson,82,m
MIKE,House,60,m
AUDREY,Schatten,19,f
MICHEL,Niles,42,f
RAFAEL,Spicer,92,m
DEWAYNE,Kay,60,m
KACEY,Coulter,19,f
WARREN,Davis,46,m
BO,Sullivan,56,m
EDISON,Roberts,25,m
TESSA,Vanderwerf,18,f
CHEYENNE,Duttry,18,f
MARSHALL,Watson,45,m
VINCENZA,Lagos,69,f
LYNDSEY,Torgerson,41,f
MORRIS,Buehrer,57,m
TOM,Jones,73,m
ALEXANDRIA,Glick,30,f
CANDY,Bernotas,42,f
GEORGI,Parks,53,f
YARON,Coyle,46,m
GUS,Umlah,72,m
LAURENE,Grenier,69,f
KERSTIN,Zack,19,f
ABBEY,Hicks,19,f
HAYLEY,Kelly,18,f
JULEE,Macejak,53,f
ELZBIETA,Simeon,30,f
TARI,Miller,41,f
CELINE,Speer,19,f
ROSITA,Sharkey,21,f
RUDY,Leboeuf,58,m
ALI,Leighton,19,f
TIM,Leggett,60,m
ORVILLE,Levie,72,m
TAL,Jayne,57,m
GERD,Daniel,57,m
KELLI,Weldon,46,f
LOYD,Cleveland,46,m
STEFANIA,Mccutcheon,19,f
ROBYN,Mccumiskey,53,f
RAINER,Aspelund,45,m
KRISTY,Susca,44,f
KLAUS,Mayo,58,m
GLORIA,Braden,77,f
CLARE,Jones,18,f
ANNELIESE,Carpenter,19,f
LAURI,Williams,53,f
MARIANNA,Keller,18,f
KIMBERLEE,Myers,53,f
RENITA,Pasternak,30,f
KALEN,Hooper,41,f
KRISTI,Datzman,41,f
CARMEL,Cunningham,90,f
SPIRO,Schlegel,57,m
ANGIE,Hodson,77,f
MICKEY,Reuter,45,m
ANTONETTE,Hausman,18,f
TIA,Warren,53,f
MICHAEL,Tiebout,73,m
SUE,Teachout,77,f
JEANNINE,Foster,77,f
DERIC,Bailey,46,m
ELIZA,Cook,21,f
HILARY,Mcmunn,41,f
CARROL,Peckham,77,f
BERYL,Marohn,68,f
CARLIN,Mayberry,30,f
MANJIT,Martinez,42,f
REAGAN,Shepherd,18,f
LINDA,Mumper,77,f
CAROLA,Moon,21,f
SHERWOOD,Bolduc,60,m
JAIMIE,Benedict,46,f
KIP,Shook,57,m
VAN,Juaire,73,m
REED,Bolster,57,m
GLEN,Chadwell,61,m
REX,Mckeehan,73,m
DANN,West,46,f
MARY,Lewis,101,f
VINCE,Richards,57,m
LEIGHTON,Beavers,18,f
JARETT,Boudreaux,46,m
PENELOPE,Rippe,53,f
BOZENA,Dennis,53,f
IOANA,Adams,18,f
FLORIN,Pfeifer,90,m
ERIKA,Knight,30,f
IGOR,Garcia,58,m
DELMAR,Henson,72,m
TRINITY,Duenow,18,f
RONNA,Allen,75,f
LONNIE,Tabor,73,m
ALAINA,Krewer,21,f
SHANA,Lozano,30,f
ROQUE,Bergman,46,m
SHEILA,House,44,f
DWIGHT,Strange,61,m
ALICE,Rose,62,f
ELLIE,Maggio,88,f
AVI,Crain,45,m
RONNA,Schad,41,f
SEGUNDO,Bott,72,m
KENDAL,Stinson,21,f
TALIA,Lewis,30,f
IMELDA,Obryan,41,f
STEPHANI,Combs,53,f
SKY,Kimsey,46,f
KARINA,Czech,46,f
RONNY,Hanna,77,m
ROGER,Hale,82,m
DANIELA,Renzi,21,f
KERRY,Jovanovich,61,m
MIROSLAW,Elkins,107,m
CAMILLA,Henze,42,f
ROLLIN,Morgan,56,m
CARIE,Redding,44,f
ALON,Speir,45,m
NAOMI,Powell,85,f
DENISE,Cooney,46,f
LESLI,Smith,53,f
SEYMOUR,Luevano,82,m
MAGDALENA,Keibler,30,f
KENTON,Denker,77,m
TAMRA,Malzahn,41,f
MACK,Jeffers,73,m
MARNI,Phillips,53,f
SELINA,Myrick,53,f
DEWAYNE,Maske,60,m
SHELAGH,Dargel,53,f
ANTONINO,Mireles,45,m
CHRISTIN,Danel,45,m
NEVILLE,Malone,60,m
KEITH,Aman,57,m
ILA,Rosenberg,85,f
DOROTHEA,Smith,75,f
KARLEEN,Waldo,53,f
GILES,Mumm,60,m
GREG,Wentz,60,m
HEINZ,Bennett,68,m
RUBY,Grant,77,f
MANDY,Shriver,46,f
LAYNE,Williams,60,m
MARTA,Harris,53,f
JENNI,Kollar,53,f
VASILE,Heien,97,m
JULIANA,Stanley,30,f
BENNETT,Daugherty,60,m
ZENON,Goral,60,m
GUS,Deleon,76,m
LENARD,Uher,90,m
LOIS,Hasan,88,f
DARREN,Schmidt,46,m
BERT,Keenan,68,m
DERICK,Orlik,57,m
CAREY,Dischner,41,f
LAWRENCE,Harb,78,m
EMMA,Fox,30,f
JAY,Campbell,60,m
ROBB,Rudisill,46,m
TARI,Kocks,44,f
RYSZARD,Baker,46,m
CHARISSE,Mulligan,53,f
TANA,Gilbertson,77,f
BENNIE,Purdy,72,m
DIANN,Mcmakin,89,f
BRIANNE,Liu,41,f
KELLY,Mickelson,41,f
RACHEAL,Utz,41,f
SHERRILL,Doherty,88,f
ED,Marker,60,m
RICKI,Andrade,77,f
HUGH,Hall,61,m
DANETTE,Dixon,41,f
ALISON,Charpentier,42,f
EVELYN,Randall,75,f
RHETT,Kiger,27,m
JASON,Leffler,46,m
CARISSA,Vail,41,f
LETICIA,Winget,41,f
HOMER,Kawalec,73,m
LETA,Garrett,77,f
BRANDY,Nolan,44,f
DAVID,Nardecchia,69,m
SUMMER,West,41,f
VAUGHN,Anderson,81,m
JOHNATHON,Lillo,47,m
JUDY,Wright,62,f
KENNA,Burbridge,80,f
OLA,Irr,75,f
ABE,Grimshaw,57,m
JONATHAN,Botham,45,m
ISSA,Ellinger,46,f
MACK,Mouton,82,m
MACK,Schwindt,81,m
CHARMAINE,Parkes,77,f
ALYCE,Netland,76,f
MAURICE,Dougherty,82,m
MICAHEL,Smith,39,m
MEAGHAN,Hall,42,f
NICOLE,Prior,53,f
DUNCAN,Spitler,60,m
DAMON,Bean,46,m
BRIAN,Donaher,60,m
CINDY,Richardson,46,m
LUANA,Klafehn,76,f
CATHRYN,Fiel,53,f
JERALD,Kargol,72,m
MAJID,Taylor,46,m
BREE,Caswell,44,f
KARRY,Johnson,58,m
LAURIN,Depalma,30,f
VERNA,Jones,77,f
VIVIAN,Brabham,86,f
JEANIE,Powell,42,f
ALTA,Horn,80,f
GALEN,Noonan,45,m
SUNNY,Ripley,46,m
MEGGAN,Humphreys,42,f
SANTA,Smith,44,f
RUTHANN,Youmans,86,f
GUY,Clifton,78,m
GAYLORD,Luciani,56,m
TAD,Sitze,57,m
NILS,Stewart,44,m
FARAH,Burnette,44,f
MILDRED,Duggan,84,f
TERRY,Neelands,46,m
LUANA,Rollins,41,f
RANDY,Rapp,60,m
SUSANNAH,Kautzman,44,f
KARMA,Olivetti,53,f
EUGENIO,Mcmillen,45,m
BUFORD,Pence,91,m
SHERRIL,Resch,76,f
STUART,Gottwald,82,m
WALT,Zebley,63,m
OLE,Vitullo,67,m
MARIANNA,Harrell,84,f
MARYANNE,Okrasinski,76,f
CARMELA,Gooley,65,f
HERVE,Hable,57,m
IRVIN,Bergin,67,m
VICTORIA,Door,41,f
RANDOLPH,Menz,45,m
KIMBERLEE,Plummer,53,f
TIA,Gibbs,44,f
BELINDA,Young,41,f
MARSHA,Ryan,46,f
MARLO,English,56,m
JERROLD,Butler,56,m
REYNOLD,Schurman,69,m
KERRIE,Chiles,46,f
PER,Bailey,50,m
APRIL,Ross,44,f
CURTISS,Wiegand,45,m
MELISSA,Moran,30,f
ROLLIN,Edwards,90,m
TRESA,Cleghorn,44,f
ALAIN,Lareau,46,m
FREDDIE,Seaver,77,m
HELMUT,Weece,58,m
FAUSTINO,Scarfone,57,m
RAJA,Southall,46,m
WARREN,Comfort,96,m
LYNN,Choinski,75,f
LON,Boucher,82,m
RITCHIE,Giera,45,m
SUE,Barstow,77,f
LEVI,Veneziano,44,m
MARVIN,Markmann,77,m
NICKY,Osborn,65,f
GARTH,Fiorini,45,m
BRION,Gable,47,m
ZOFIA,Homer,21,f
TORI,Sanders,30,f
LORNE,Lebeau,26,m
ROMMEL,Diffendal,68,m
VALERIY,Lindquist,26,m
DORINA,Parkes,41,f
LANA,Larcombe,77,f
IVAN,Hardy,22,m
SALLY,Jozwiak,88,f
NORBERT,Hess,73,m
CYNDI,Hutton,65,f
AIMEE,Levine,45,f
TAMAR,Reyes,45,f
TIMOTHY,Harders,46,m
BILL,Franklin,79,m
RAJA,Durand,50,m
KAVITHA,Harkleroad,44,f
GIDEON,Martinelli,81,m
EUGENIA,Waldron,41,f
MARA,Freilinger,45,f
MARCI,Penley,42,f
MEAGHAN,Arkinson,29,f
KAITLYN,Douglas,18,f
OPAL,Akers,77,f
DORIAN,Norquist,25,m
PAGE,Bucknell,30,f
CLAY,Huth,25,m
LEEANN,Martin,29,f
DARRIN,Fredregill,45,m
SHAUNA,Lovullo,30,f
MARCO,Frost,22,m
TAMMY,Ambs,53,f
TAWNYA,Guy,54,f
SUSANNE,Box,84,f
JACK,Edwards,72,m
NICKY,Cogbill,61,m
RYSZARD,Gronewold,46,m
ANTONINA,Long,19,f
JOHN,Dicken,57,m
DEEANN,Goldberg,75,f
ANDREAS,Pusateri,26,m
JODY,Doyle,45,m
ELDA,Patton,74,f
ABRAM,Killian,43,m
DANICA,Kirsch,21,f
LUTHER,Baldwin,59,m
KARON,Moss,57,f
TIBOR,Braun,57,m
ROMA,Orr,69,f
KATELYN,Nelson,19,f
SANTA,Grisdale,89,f
KIRSTIN,Stclair,33,f
JEWEL,Martini,30,f
JEROD,Walker,46,m
DIETER,Rafferty,62,m
LIZA,Galeota,22,f
HEIKE,Baker,52,f
SHLOMO,Miller,52,m
SHERYLE,Strain,66,f
JEWELL,Charvat,45,f
TIFFANI,Nelsen,43,f
LILIA,Montgomery,38,f
NORM,Hall,73,m
KYRA,Thomsen,50,f
ALPHONSE,Bernard,84,m
CARY,Campbell,80,m
DONA,Baker,66,f
ALLYN,Kirksey,73,f
COLLETTE,Bennett,59,f
REESE,Gatt,22,f
CONCETTA,Love,66,f
ARVIN,Griffith,86,m
LINDSAY,Guion,36,f
MARILEE,Roth,79,f
RHETT,Nelson,22,m
RAVI,Daniels,45,m
DANI,Bullock,59,f
CHASTITY,Lamon,29,f
JOHNNIE,Scanio,72,m
SHAYNA,Schulman,29,f
CHASITY,Berntsen,31,f
HELGA,Burgess,87,f
NEENA,Rau,38,f
FONDA,Fowler,79,f
CECILY,Bond,28,f
TERESSA,Maggio,64,f
SCARLETT,Tash,29,f
KELLEEN,Peters,38,f
ELENI,Hull,21,f
NIKOLE,Morris,45,f
ELLIOTT,Weisberg,49,m
DIMITRI,Wilborn,67,m
SHELLY,Workinger,38,f
CORT,Hankins,51,m
DEDRA,Ritenour,66,f
MAKSIM,Delaney,22,m
ROSALEE,Person,36,f
JENA,Blaszkowski,36,f
JEROME,Schiefelbein,44,m
LANA,Little,80,f
DIONNE,Mussen,50,f
VEENA,Garvey,29,f
SHAWNEE,Mcintosh,50,f
ELYSSA,Dingman,24,f
LORRAINE,Sooter,36,f
ARON,Overstreet,50,m
MINDI,Chase,46,f
CINDY,Whidden,66,f
BUFFY,Schmaltz,50,f
BRIGETTE,Hinman,29,f
HOLLIS,Duffy,80,m
STACEY,Steen,29,f
DEIDRA,Willis,36,f
KRISTINE,Jacob,73,f
FLORIAN,Gremer,22,m
RONNA,Chamberlin,20,f
CORINA,Arnett,52,f
CHADWICK,Gill,49,m
ALEXA,Stone,29,f
DINAH,Brackbill,73,f
LUANN,Finn,66,f
BARNEY,Braga,94,m
SHERWOOD,Cardwell,82,m
MARLENA,Henig,38,f
CORNELIUS,Manuel,72,m
LIGIA,Galloway,50,f
JACLYN,Bryson,45,f
ZACHERY,Schoenwetter,44,m
HANNA,Boda,24,f
CRISTINE,Childress,45,f
DENIS,Keating,51,m
ELSIE,Epps,66,f
STACIA,Pollock,52,f
CHRISTOS,Pensa,49,m
PEGGY,Keller,78,f
SUZETTE,Smith,38,f
MATT,Buckley,51,m
GRAYDON,Russell,52,m
BELLA,Vaught,22,f
BETTY,Bolle,75,f
SHAYNA,Fitzpatrick,31,f
LEANNE,Brown,43,f
ENID,Bronson,31,f
SHELLY,Casey,59,f
GABRIELLE,Drury,29,f
MISTY,Davis,43,f
CHRISTOPH,Myers,52,m
VIRGIL,Arnwine,73,m
ABRAHAM,Johnson,51,m
SHANNA,Normandy,22,f
CAROLA,Henrich,24,f
ELLIE,Dykes,29,f
SUE,Blue,64,f
DANN,Fogarty,52,f
CARISSA,Schwartz,29,f
JEAN,Richter,87,f
KONSTANTIN,Berndt,22,m
SERGE,Kratz,51,m
LYNNETTE,Bradley,64,f
ALBERTA,Simpson,64,f
CRISTY,Birnie,38,f
MILES,Pasquino,22,m
GLADYS,Foss,73,f
NICOLETTE,Newman,36,f
BONITA,Raynor,64,f
HELEN,Lyman,59,f
BROOKS,Vulgamott,52,m
ARDIS,Oconnor,78,f
ANSON,Bell,44,m
KENDRA,Gale,38,f
BERNHARD,Machin,67,m
INES,Morgan,29,f
MALIK,Anthony,49,m
HORACE,Soots,73,m
FERNANDO,Quick,51,m
MEGHANN,Washington,45,f
TANJA,Underwood,52,f
HARVEY,Francis,72,m
LOREEN,Hooks,66,f
KIMBERLEE,Mcmains,31,f
KAYLA,Gamage,22,f
ZACHARIAH,Schmidt,44,m
CARSON,Wilbur,22,m
CARYN,Burr,36,f
RACHEAL,Hager,52,f
DENA,Kramer,52,f
JERRIE,Baraw,66,f
LONA,Mullen,52,f
CARMINE,Rochon,22,m
DANE,Green,22,m
CHERRY,Plank,50,f
LESLI,Coch,52,f
LEILANI,Ulrich,22,f
MICHEL,Foster,52,m
TERESE,Caparco,43,f
ALEXANDRA,Cook,24,f
LUTHER,Thomas,79,m
COREY,Lacina,52,m
LARS,Anderson,50,m
ANDREAS,Howe,85,m
AUBREY,Branson,29,f
KENNETH,Lee,51,m
JANNA,Cook,43,f
KRISTINA,Murnane,50,f
ELOISE,Zukowski,80,f
SARAH,Boback,31,f
STEFANIE,Herb,43,f
SKYLER,Grugan,24,f
MAX,Stone,86,m
ETTA,Difonzo,78,f
JATINDER,Kleppinger,44,m
LEE,Greening,78,f
ANTONIO,Mouring,52,m
SHAINA,Mcmahon,29,f
KELI,Still,45,f
ARMIDA,Garner,43,f
CHARISSE,Harmon,36,f
LAEL,Thompson,22,f
PAMELA,Owens,59,f
LIANNE,Allard,43,f
LARS,Mischler,22,m
LLOYD,Osborne,49,m
CHARLOTTE,Cevasco,73,f
THAD,Pellegrin,51,m
BROOK,Hultz,38,f
LYLE,Millward,79,m
MARCELLE,Kilgore,36,f
ALYSIA,Lewis,50,f
GUIDO,Calkins,51,m
MISTY,Souba,52,f
ERINN,Cook,50,f
DARIA,Spadafora,24,f
LAVONNE,Hollinger,79,f
MAXINE,Bush,95,f
INGA,Leverette,64,f
KATHIE,Byerly,50,f
CARISSA,Sinai,24,f
BETTY,Gallo,79,f
CRISTY,Ringer,43,f
SHARA,Ellis,64,f
EMANUEL,Labat,22,m
VALERI,Schiff,66,f
CLEO,Wallace,73,m
GERTRUDE,Gonzalez,90,f
GLENNA,Hoffman,79,f
LINNEA,Woods,79,f
GERALDINE,Nunez,73,f
SHAYLA,Johanson,24,f
BRENDAN,Hughes,22,m
CHRISTIANA,Olsen,22,f
MARCIA,Greening,38,f
CARYN,Gilreath,66,f
NICOLETTE,Barone,29,f
CAMILLA,Melton,50,f
STEPHANY,Howerton,43,f
DEIDRE,Bowen,43,f
FELIX,Wagoner,73,m
CECILE,Becker,43,f
SHAUNA,Langston,73,f
IWONA,Floyd,43,f
RENATA,Mark,22,f
CARLOTTA,Smith,66,f
NIKOLAOS,Houghton,51,m
NICOLLE,Desantis,24,f
RAJESH,Snider,50,m
AIMEE,Clark,24,f
DONNA,Skye,50,f
LISBETH,Holding,24,f
FELECIA,Burns,36,f
SHARLENE,Rowley,87,f
DERON,Manor,52,m
MARJORIE,Zapletal,79,f
JENELLE,Norton,29,f
ROBYN,Lute,64,f
ROSE,Tess,66,f
PAMELLA,Scarberry,73,f
DELORIS,Goyette,73,f
KARY,Holland,50,f
NANNETTE,Venit,45,f
NORMA,Harlan,64,f
PAM,Flynn,78,f
KELLEEN,Phillips,31,f
ANSELMO,Hadler,44,m
BARRY,Daly,73,m
DAPHNE,Lilly,73,f
SKYLAR,Beland,24,f
ELISABETH,Burns,52,f
BETHANY,Gillespie,29,f
EUNICE,Tesone,43,f
KATE,Willis,24,f
ELOISE,Fabian,73,f
BONNI,Long,73,f
CATHERINE,Peoples,73,f
ANTONINO,Dias,51,m
DINA,Horton,45,f
ROMAN,Berger,22,m
BERNADETTE,Shaw,22,f
RENEE,Young,45,f
LARA,Binienda,43,f
STEVE,Parker,82,m
OLIVIER,Radke,22,m
JOI,Cowan,43,f
ALDEN,Oberhaus,79,m
HASSAN,Ciesla,51,m
MINDI,Lezon,38,f
ALEXANDRA,Jones,38,f
MERRY,Pagett,64,f
ABBIE,Stith,29,f
TRACIE,Mulcahey,45,f
JAMISON,Beneke,22,m
DANIELLE,Swartz,50,m
ANJANA,Humphrey,29,f
JON,Dejarnette,51,m
JANELLE,Pollard,52,f
PRIYA,Cohen,24,f
LLOYD,Hendrix,72,m
ALISA,Lemke,43,f
LETA,Bartlett,87,f
BUFFY,Batdorf,52,f
CONSTANTINO,Brandt,82,m
JEROLD,Grogan,80,m
ABRAM,Caram,79,m
GILLIAN,Mcduffie,24,f
STEPHANY,Daniel,43,f
CHANTEL,Wickham,29,f
KERRIE,Taylor,50,f
THEA,Richardson,52,f
WAYNE,Barnes,85,m
EMILY,Beard,24,f
MAHA,Rothman,22,f
VIOLETA,Sallee,36,f
REID,Glasser,22,m
NORMAN,Lillibridge,84,m
ALYSE,Ulrey,22,f
VIRGINA,Moen,66,f
CARRIE,Scully,22,f
GARNET,Germany,93,m
KEISHA,Brumit,24,f
RAY,Andela,79,m
JULIANA,Mcgaha,43,f
RENATA,Stephenson,43,f
FANNY,Redinger,88,f
TATYANA,Friedman,29,f
MIRELA,Anderson,24,f
KEREN,Hurt,64,f
CORINA,Ploof,50,f
COLBY,Smith,22,f
CALVIN,Mckean,72,m
ZHANNA,Bailey,22,f
LORI,Ford,73,f
JAROD,Whitaker,22,m
TALIA,Houston,36,f
LELAND,Villani,44,m
SETH,Goss,44,m
RUSSELL,Morton,22,m
JOANIE,Rosenfield,45,f
SANTO,Kluegel,72,m
LOU,Pitman,66,f
ELIO,Carlson,49,m
CRISTY,Davis,38,f
LUCRETIA,Granath,78,f
ROBB,Warriner,51,m
RUSLAN,Carlson,22,m
CORRINE,Nunley,45,f
SHARI,Oconnor,52,f
EILEEN,Rall,38,f
KYLA,Vick,31,f
LAURENCE,Meyer,84,m
CRISTINA,Gilland,38,f
DAYNA,Snyder,43,f
CANDIS,Brown,38,f
VERONIKA,Steffek,38,f
IDA,Willmert,45,f
KATHRYN,Pope,80,f
LENORE,Guttman,73,f
DELBERT,Swanson,50,m
DENNIS,Meier,80,m
VINCENZA,Oleary,29,f
LORINDA,Mcguire,52,f
AUGUST,Letcher,52,m
HEATH,Schaffer,44,m
TABITHA,Disalvo,36,f
BRYON,Carlson,51,m
JEANIE,Hines,80,f
ABDULLAH,Jones,22,m
DELL,Barlow,50,m
BRANDI,Butt,36,f
LUCIANA,Sens,45,f
GUDRUN,Haskett,78,f
LYLE,Henning,72,m
ENRIQUETA,Williams,73,f
FELICE,Weiser,66,f
VALARIE,Bill,50,f
WENDE,Balsley,52,f
HANA,Baker,24,f
WILSON,Dwight,79,m
GLADYS,Sorensen,29,f
STEPHANY,Lynn,57,f
KAY,Foster,66,f
JANAE,Humphrey,38,f
BRIGIDA,Kiracofe,50,f
KRISTINE,Bernardo,73,f
KYLA,Capobianco,29,f
DIXIE,Oliver,86,f
OMID,Mostafa,22,m
NORBERT,Stroo,80,m
ASHTON,Fisher,24,f
STEPHAN,Thompson,49,m
RACHELE,Shadron,36,f
ESTELLA,Withers,36,f
ALIA,Grantham,45,f
CLARICE,Pinto,66,f
EMILIA,Piccillo,31,f
LYMAN,Bath,72,m
SHAWNEE,Baggett,31,f
BUCK,Sobek,72,m
TAMARA,Reed,66,f
EVONNE,Prewitt,36,f
MASON,Cope,22,m
TOBIAS,Girtz,49,m
MARC,Norris,51,m
SUSANNAH,Mayden,38,f
AGNIESZKA,Morris,31,f
KIA,Hennigan,50,f
NITA,Allocco,66,f
HIRAM,Kallinen,44,m
KIP,Dilullo,72,m
BREANNE,Ogdahl,29,f
MELVIN,Bales,91,m
HANNELORE,Turner,52,f
NOREEN,Marquez,64,f
AUGUSTUS,Dudek,84,m
PRESTON,Virgil,22,m
AVI,Sager,22,f
THELMA,Miller,94,f
MELISSA,Soeder,52,f
LYNNETTE,Pritchett,45,f
LORNA,Schuth,66,f
GEMMA,Fontana,31,f
KEELY,Enright,45,f
JASON,Black,49,m
JOLANTA,Kitt,38,f
ANITA,Mclean,52,f
JOHNA,Reis,64,f
SHERIE,Lee,45,f
SANDOR,Morgan,50,m
ELBERT,Gifford,72,m
MARYAM,Parlow,22,f
LYNETTE,Givens,64,f
FAWN,Rhodes,29,f
SHELLEY,Cooney,73,f
MARYLOU,Frizell,79,f
BRANKO,Vaughn,50,m
KIA,Bacher,38,f
THIERRY,Edmister,51,m
TRINITY,Wagner,24,f
SHARLA,Schill,52,f
MIRANDA,Miller,38,f
BIRGITTA,Flowers,52,f
JENA,Ecklund,38,f
NEVIN,Hall,84,m
LIZABETH,Cousins,64,f
BEN,Lowell,49,m
GERI,Mahan,52,f
HALEY,Thomas,31,f
REX,Lewicki,72,m
RODD,Conder,49,m
KRYSTAL,Hardman,38,f
LAURIN,Goodrich,29,f
MELVA,Hicks,80,f
LADONNA,Spera,50,f
CRISTEN,Sullivan,31,f
SARI,Miszczak,66,f
DANIEL,Steiner,49,m
ROSEMARY,Fox,36,f
ELINOR,Webb,87,f
SILVIO,Neff,72,m
ANNA,Fannin,31,f
DWIGHT,Mann,22,m
MILO,Elkins,49,m
CARISSA,Mix,22,f
AURELIA,Rickard,73,f
HAROLD,Kelly,72,m
CAROL,Polizzi,80,f
HABIB,Martins,22,m
SELMA,Zampino,73,f
ILA,Walker,29,f
MARGUERITE,Leeds,22,f
JESSY,Duplessis,22,m
JACLYN,Lehman,36,f
WILFRED,Wells,79,m
WILDA,Crabill,80,f
CECILE,Gale,94,f
RONDA,Martell,67,f
RUSSELL,Rubio,22,m
MAIA,Asciutto,24,f
GENEVA,Schwoch,73,f
JANICE,Parr,64,f
LIAM,Embry,22,m
TOBY,Blanton,50,m
JUANITA,Gambale,80,f
ADMIR,Johnson,22,m
KITTY,Terpstra,52,f
BRANDY,Kantzer,45,f
KYRA,Marek,22,f
PHIL,Davis,80,m
SKYLER,Killian,22,m
SHARLA,Churchill,36,f
DEWITT,Carls,72,m
JENELLE,Schussler,22,f
ROSETTA,George,80,f
ADELA,Almond,22,f
KATHRINE,Noll,64,f
LYNNE,Stlaurent,67,f
BERNADETTE,Proffitt,66,f
CARLENE,Foy,52,f
LARUE,Bollinger,64,f
KATELYN,Locklear,22,f
SHERWOOD,Ferrentino,50,m
RENA,Harris,79,f
PETE,Barker,72,m
ROSANN,Spiers,73,f
LACEY,Hall,29,f
GILDA,Kosto,73,f
IRA,Dierks,50,m
SEYMOUR,Cole,80,m
GABRIELLE,Catania,22,f
BRIANNA,Ullman,22,f
THELMA,Johnson,66,f
FLORENCE,Touchstone,36,f
CHARITY,Crick,22,f
HAYDEE,Moore,45,f
GISELLE,Burgess,36,f
JED,Stearns,50,m
LUCIANO,Lang,49,m
KYLIE,Gordon,29,f
KAYLA,Hill,24,f
LUCIAN,Jones,50,m
LYMAN,Gatto,72,m
DARWIN,Koch,80,m
MACKENZIE,Sides,38,f
CAITLIN,Kull,29,f
AIMEE,Abney,29,f
CORA,Dixon,29,f
DON,Stevens,50,m
JANIE,Ayers,29,f
TRESA,Artigues,52,f
ILANA,Holt,38,f
DEENA,Dunn,52,f
WELDON,Ghattas,93,m
SHERMAN,Hudson,84,m
MICHELLE,Mcelhiney,31,f
SUZANNE,Meyette,66,f
CRISPIN,Traxler,49,m
SUMAN,Fox,24,f
ILA,Mcintyre,45,f
DORCAS,Agnello,45,f
LEWIS,Vaughn,72,m
BREE,Peters,52,f
HARLAN,Lacombe,79,m
EDMUNDO,Hill,51,m
MIKHAIL,Hutchinson,22,m
JOHNA,Nagle,52,f
CHLOE,Moskowitz,31,f
FARIDA,Wilson,24,f
MELINA,Caballero,31,f
ALICJA,Hill,24,f
WILLARD,Flint,79,m
CATHRYN,Lalich,73,f
RALF,Richbourg,72,m
RAELENE,Scharf,38,f
BELLA,Dahlberg,24,f
PAMALA,Avery,52,f
DMITRI,Haines,22,m
LAURENE,Harman,73,f
BARBRA,Donaldson,80,f
GALE,Fore,73,f
LIZA,Collins,38,f
DESPINA,Jordan,87,f
NANNETTE,Mcneill,66,f
MANDI,Faigle,31,f
KRISTOFFER,Mecca,22,m
MARY,Millspaugh,73,f
NELLIE,Becker,90,f
BUDDY,Levy,51,m
MAUREEN,Rush,87,f
GERALD,Rose,80,m
MARIUSZ,Aylesworth,49,m
LUCIANA,Jones,45,f
VENESSA,Lott,31,f
FRANCIS,Karr,81,m
ALIA,Eubanks,38,f
ALISHA,Kowaleski,31,f
ALISON,Gardner,24,f
TAUNYA,Newman,31,f
CHETAN,Waltman,22,m
FRANCES,Corbett,73,f
JEANMARIE,Nokes,24,f
BARBRA,Wilson,87,f
RONALD,Tyree,50,m
JEANNE,Banyard,38,f
WENDE,Persky,66,f
IRIS,Brown,93,f
KIM,Jensen,52,f
TONJA,Dean,31,f
ALICJA,Irwin,24,f
SHILOH,Portera,24,f
LUCIE,Hart,80,f
DANTE,Mullins,22,m
LUANA,Sublette,45,f
KARIE,Everett,52,f
LIZABETH,Reid,24,f
FREDDIE,Lawyer,79,m
GEORGIANA,Indelicato,45,f
TABITHA,Miller,38,f
KILEY,Dutton,31,f
ARCHIE,Rath,72,m
AGNES,Wasmer,52,f
JACQUELYN,Tramontano,52,f
CARISSA,Peoples,45,f
LUCIE,Hickman,73,f
COLBY,Gipson,22,m
RAMONA,Bennett,80,f
KATHARINE,Quick,66,f
BENNIE,Baker,72,m
SHARI,Boynes,52,f
KAROL,Shaver,80,f
PAIGE,Walters,31,f
MARSHA,Hanna,66,f
HERVE,Salas,93,m
LORRAINE,Wilkerson,80,f
RAYNA,Wortman,38,f
EVANS,Deeg,80,m
MAHA,Obermann,52,f
EVE,Wieting,52,f
OLENA,Walker,87,f
SHERRIL,Parker,66,f
LEONA,Maples,95,f
DMITRI,Lindsey,22,m
TRUMAN,Klotz,85,m
KELLIE,Russell,52,f
DINA,West,52,f
COLBY,Dinkins,49,m
KIT,Kessler,66,f
MARGARET,Baldry,38,f
JOSIE,Patchin,80,f
KATY,Ross,38,f
VANESSA,Bronaugh,38,f
MELISSA,Gray,31,f
COSMO,Jones,22,m
KATHERYN,Nelson,38,f
MAXIM,Spang,22,m
MELINDA,Kelly,66,f
RHODA,Evans,80,f
GARY,Asar,84,m
ASHLIE,Woolley,38,f
HUEY,Cress,86,m
ROMAN,Bair,49,m
TEOFILO,Grahn,51,m
LOWELL,Hill,80,m
LOUELLA,Kerger,66,f
LONNA,Aquila,52,f
JAN,Swank,22,m
CARLY,Stuczynski,45,f
MUSTAFA,Firkins,22,m
HALLIE,Fisher,87,f
SHADI,Johnson,31,f
CORRIN,Styers,31,f
KORI,Woods,31,f
SHAE,Gray,52,f
FRANCESCA,Vickery,80,f
MORTON,Mitchell,51,m
DIANE,Anderson,79,f
RODNEY,Tonks,51,m
SUE,Cooper,85,f
CAROLINE,Lee,80,f
LOUELLA,Buckingham,88,f
DEL,Ohmer,86,f
LESLEE,Bennett,45,f
KACIE,Moffatt,31,f
BERYL,Cooper,66,f
OCTAVIA,Long,31,f
MARTHA,Gal,85,f
ELSIE,Chastain,80,f
HANS,Wilson,49,m
JACKIE,Tedesco,79,m
ELTON,Forbes,49,m
JAYE,Graziano,51,m
DOUG,Brickey,72,m
JEROLD,Mulligan,50,m
REGGIE,Sullivan,50,m
LEONA,Winthrop,87,f
FEDERICO,Presley,44,m
JILL,Mitchell,43,f
ADRIANNE,Spayd,66,f
KRISTIAN,Thompson,49,m
GROVER,Lager,79,m
MARTYN,Dickson,82,m
MARYANN,Thompkins,80,f
LANA,Vicens,45,f
KIRBY,Hutchinson,72,m
FRANCIS,Ochs,51,m
MELODY,Debates,59,f
CARYL,Mascho,86,f
GREGG,Samson,51,m
NORBERT,Saunders,49,m
JOSIE,Wells,87,f
BONITA,Sasser,78,f
CHRISTINA,Davis,31,f
JERRE,Williams,79,m
LEONARD,Bailey,51,m
MARCIE,Maccallum,66,f
CHERRY,Fritz,79,f
LUANA,Spinosa,86,f
SHERRI,Cunningham,45,f
JUNIOR,Banse,82,m
EDITH,David,79,f
DAREK,Fulmer,50,m
TEODORA,Connors,86,f
LARAINE,Jones,82,f
MARK,Parella,51,m
GENEVA,Freeman,87,f
DANELLE,Bartlett,45,f
DAWNA,Gallo,45,f
DRAGAN,Grant,45,m
SHERWIN,Boehme,49,m
DUNCAN,Neal,79,m
FRANKLIN,Blair,51,m
BERT,Byers,73,m
LAURENCE,Kearney,79,m
WILMA,Saunders,89,f
LOWELL,Ferguson,49,m
TERRANCE,Kempter,80,m
FAWN,Ramaglia,66,f
BERNADINE,Lawson,66,f
JAE,Pearson,49,m
RICHIE,Mohling,52,m
KAMI,Lee,28,f
HILDA,Alberts,66,f
ANNABELLE,Cummiskey,67,f
LYNETTE,Rockholt,43,f
TERRA,Jackson,45,f
AGATA,Aldrich,39,f
PATSY,Smith,80,f
DEVON,Shelly,27,m
SHARYN,Guare,75,f
TIMOTHY,Stelzer,52,m
HUGH,Kilgore,79,m
JARED,Brownfield,44,m
MONIKA,Broccoli,66,f
HILDA,Santos,45,f
ROSALYN,Slonaker,45,f
ADRIANNA,Berge,46,f
SIMON,Wiseman,51,m
ZHI,Knickerbocker,20,f
TWYLA,Cormier,28,f
HEINZ,Heckel,50,m
YOLANDA,Kennedy,39,f
STEPHANI,Vartuli,64,f
SORAYA,West,20,f
SCHUYLER,Morin,22,f
SHEILAH,Rockwell,68,f
ADRIANNE,Woodbury,73,f
LAWRENCE,Voight,72,m
MURAT,Welling,50,m
SHANA,Horstkamp,43,f
MAREN,Powell,45,f
ALISTAIR,Wells,44,m
SIERRA,Mitchell,22,f
WYNNE,Schwartz,50,f
MARNA,Napolitano,57,f
SARKIS,Mcguire,22,m
ZACHERY,Harris,34,m
MALIA,Ohara,20,f
DEANA,Reidy,43,f
STELLA,Mace,80,f
VLADIMIR,Wendt,45,m
LIOR,Odell,21,f
DIANE,Lawson,75,f
JULIUS,Howard,31,m
RUTH,Bruce,66,f
MASSIMO,Adler,22,m
WERNER,Mckenzie,31,m
SORAYA,Dolan,42,f
LOLA,Taylor,31,f
SIGRID,Francisco,64,f
JEANIE,Smiley,88,f
FRIEDA,Corsten,64,f
JULIETTE,Wilson,57,f
TERYL,Jensen,67,f
TINA,Maul,38,f
SPIRO,Aron,67,m
SUSANN,Shane,50,f
ALF,Hancox,72,m
MIRA,Garrison,24,f
DANIELE,Stevens,52,f
DOROTHY,Treacy,73,f
NICKI,Allard,59,f
YESENIA,Atkins,24,f
ELTON,Branum,50,m
SHAN,Callahan,22,m
KARA,Mcfadden,35,f
DUSTY,Cabral,43,f
CURT,Mcdowell,72,m
KERRY,Price,63,m
CONSTANCE,Jackson,64,f
ASHRAF,Smith,34,m
FERNANDA,Dean,66,f
ZOFIA,Harvey,21,f
LEROY,Fay,63,m
JEANIE,Davis,74,f
BRODIE,Klein,22,m
CARMEL,Fletcher,68,f
AUGUSTUS,Demaria,72,m
KERRI,Sargent,36,f
DOROTHY,Taylor,80,f
TATUM,Kelly,29,f
ARA,Krupka,29,f
ARLEN,Pavich,72,m
SHILOH,Behme,45,f
KAROLYN,Hart,73,f
ERIKA,Lichtensteiger,38,f
ALISA,Vannorman,36,f
LAURALEE,Smith,80,f
TANA,Gohr,45,f
CLEO,Haywood,59,f
SAL,Gundlach,84,m
TIMOTHY,Reed,74,m
AMI,Painter,36,f
JAMEE,Norris,31,f
ELWIN,Poston,74,m
CASSIDY,Smail,27,f
LORNE,Sneed,50,m
MARCELLO,Lambert,73,m
THERESE,Rupp,36,f
VERNA,Young,74,f
IWONA,Greene,52,f
SUZANNE,Tingley,22,f
KIP,Ford,67,m
DINA,Music,32,f
HAYLEY,Bailey,30,f
MELODIE,Ferguson,65,f
DOUGLAS,Walkup,61,m
DEBORA,Harris,65,f
GARRICK,Ackerman,33,m
RINA,Oseth,19,f
JAN,Wentzel,78,m
CHANTEL,Koski,37,f
NEDRA,Gilliland,56,f
KAYLA,Bradstreet,19,f
MARILYNN,Farhat,72,f
ALYCE,Oates,19,f
LYLE,Deroos,62,m
STANFORD,Helm,77,m
SYLVAIN,Badali,56,m
ROBYN,Dillman,59,f
JANEEN,Staudt,59,f
JANNA,Hartman,37,f
KINGA,Willis,18,f
ZOLTAN,West,30,m
CATHLEEN,Bond,40,f
BRITTA,Landry,57,f
SAEED,Freshwater,36,m
FOREST,Alward,63,m
TERRIE,Marti,65,f
KRISTOFER,Kroshus,55,m
JENNI,Fabin,32,f
ERLINDA,Vella,37,f
ALYCIA,Worrell,31,f
CHELSEY,Hardy,30,f
DARCIE,Ratliff,38,f
MARCOS,Butler,30,m
SHAHRAM,Kilroy,40,m
LON,Burk,75,m
KENDRA,Farmer,32,f
KINGA,Dalton,20,f
ABBIE,Voris,20,f
BRADFORD,Pierce,65,m
EMILIE,Albert,18,f
KARINE,Carlson,31,f
CYNDI,James,38,f
DARYL,Klubek,63,m
WADE,Knoll,32,m
VASILIOS,Dumas,32,m
GRAIG,Cannon,62,m
KELLY,Letellier,31,f
ELISABETH,Edsell,30,f
MAGDA,Golden,34,f
REAGAN,Waddle,19,f
VICTORIA,Sturn,30,f
GARLAND,Mullenax,74,m
LOYD,Silva,74,m
ROCHELLE,West,71,f
GAYE,Pauli,63,f
ALANE,Bradley,63,f
NED,Gray,76,m
MARLIN,Griener,32,m
JOSH,Miller,33,m
RANDI,Roth,32,f
MICHAELA,Patterson,30,f
MARVIN,Halleen,65,m
VALENTINA,Putnam,20,f
KRISTI,Weitzel,63,f
TRUDI,Gillis,63,f
RACHEL,Hernandez,30,f
ALICJA,Brown,18,f
MEAGHAN,Claytor,34,f
KIMBER,Minyard,34,f
CECILIA,Frey,30,f
SHAYNE,Hess,32,m
ADDIE,Raymo,74,f
ELDON,Reed,76,m
TOMMY,Brumleve,77,m
HENRY,Forgie,76,m
RUFUS,Brady,75,m
KRIS,Luplow,63,f
BESSIE,Curtis,75,f
SIMA,Boucher,18,f
CRIS,Bragg,63,f
KELLEEN,Brown,57,f
DWAINE,Hernandez,62,m
IRA,Stallone,66,m
CORTNEY,Ozmore,32,f
LEZLIE,Wright,63,f
JUDY,Chorak,73,f
MONROE,King,18,f
GIDEON,Bartley,61,m
LACEY,Parrish,34,f
IRINA,Wright,31,f
MARK,Duthie,62,m
JERALD,Starkel,63,f
ALLYSON,Neighoff,32,f
KARRY,Meyer,34,f
PAGE,Nale,61,m
BEATE,Nelson,63,f
PEYTON,Roberts,30,f
ASHLEIGH,Rood,33,f
RANDAL,Geisler,62,m
RONNA,Orlando,30,f
GENEVA,Adsit,65,f
MURRAY,Decker,65,m
SHELAGH,Cashion,64,f
ANTOINE,Disanto,61,m
CHRISTEN,Getz,19,f
JIMMIE,Durkee,66,m
VENUS,Koca,64,f
IRINA,Davis,18,f
HERBERT,Boos,62,m
BREE,Hutchins,30,f
DOUGLASS,Kepner,61,m
PATTY,Richardson,75,f
ANTOINE,Tobin,36,m
PATRICE,Richter,33,f
ANJALI,Tyra,18,f
ALMA,Radle,18,f
KATHLYN,Kucala,63,f
DARCI,Scott,20,f
HELGA,Latt,64,f
RUDOLF,Carey,64,m
LAURIE,Sage,34,f
CARIDAD,Bristow,30,f
HAROLD,Kasten,65,m
LIA,Osborne,37,f
SAMMY,Bowe,74,m
GLORY,Rosenbaum,18,f
LIA,Aboujaoude,31,f
JEANMARIE,Clark,65,f
STEPHANY,Schniepp,32,f
DEMETRIOS,Russo,32,m
AKIKO,Herr,57,f
LEORA,Slingsby,34,f
CLEVE,Ralston,76,m
KATARINA,Kelley,20,f
DORENE,Eagan,73,f
ERNEST,Mccreary,76,m
VERNE,King,63,f
MEAGAN,Moore,33,f
PIETRO,Davis,63,m
ROSANN,Colman,32,f
ELISABETH,Eckhoff,33,f
KANDIS,Hamilton,20,f
LYUBOV,Furness,30,f
DONA,Pricer,58,f
JEROLD,Bussert,77,m
ESTELLE,Nobles,18,f
VANESSA,Tani,31,f
FERNANDA,Carey,19,f
EKATERINA,Christiansen,30,f
BOBBY,Maki,78,m
SPENCER,Lower,30,m
TERYL,Haines,65,m
AURORA,Blackwell,63,f
FRIEDRICH,Madderra,30,m
DANNIE,Roberson,63,m
HENRYK,Torrey,106,m
HUSSEIN,Daughtrey,33,m
SANDRA,Haack,65,f
CURTIS,Allen,30,m
OLLIE,Brunkhorst,65,m
FARIDA,Schultz,30,f
TRUDY,Shires,63,f
BONNI,Morgan,65,f
DORIAN,Curry,74,m
REGINA,Morris,33,f
CHERIE,Weinberg,64,f
DIMITRIOS,Jones,32,m
CARLETON,Mcpherson,75,m
VERONIQUE,Burden,58,f
LAUREN,Hotz,31,f
TAL,Chambliss,30,m
DUSTY,Field,33,m
CARISSA,Wilcox,33,f
KYRA,Wetmore,20,f
EMILIE,Finley,19,f
HERVE,Sherman,32,m
LIZA,Barto,58,f
KATHIE,Callahan,64,f
LORIN,Rolland,76,m
RIMA,Ottolini,64,f
NICOLETTE,Phillips,32,f
ELIOT,Maillette,30,m
JEANNETTE,Tornatore,34,f
KIMBERLEE,Schiavone,65,f
CHANTAL,Niland,32,f
CHRISTOS,Ridder,64,m
GREGG,Luedtke,61,m
TERESA,Wilmot,72,f
NANETTE,Sovak,65,f
SIMEON,Goldberg,33,m
WHITNEY,Burnett,31,f
KACY,Rickman,33,f
BRYNN,Curtis,18,f
DERIK,Rudrud,33,m
PAMELLA,Downey,65,f
LOREN,Johnson,65,m
VAHAN,Hooper,32,m
CHRISTA,Awad,34,f
KAYLA,Deneve,34,f
SATYA,Strang,31,f
MARGIT,Dockstader,63,f
CLEVELAND,Larsen,75,m
SAMI,Widmer,30,m
SAMMIE,Marsh,76,m
ELLYN,Santos,31,f
KATY,Moore,18,f
ZOE,Lake,18,f
BOB,Luhman,65,m
CECILIA,Mancini,64,f
BENNETT,Schroeder,65,m
JENNI,Maggard,18,f
ALYSE,Murphy,34,f
GREGG,Dee,74,m
MARIAH,Merillat,18,f
GLENN,Thomas,75,m
GERARD,Hewett,77,m
INA,Conti,18,f
AUGUSTUS,Pearlman,77,m
MARINO,Erario,33,m
BRIANNA,Bailey,33,f
JULIET,Holt,33,f
CLARE,Johnson,31,f
DUSTIN,Summers,30,m
JANAE,Johnson,31,f
NIKOLE,Rowan,30,f
GENNARO,Brackin,33,m
DARKO,Faria,36,m
CASSIDY,Kahan,18,f
SIMONA,Fazzone,18,f
BRADFORD,Maas,32,m
JOELLE,Trahan,32,f
LUCIANO,Habich,30,m
FRANCESCO,Marks,30,m
SUE,Kelly,58,f
BUFORD,Dugan,75,m
NAOMI,Bartholomew,18,f
ROSS,Yentes,33,m
ROLLIN,Zeller,77,m
CATHLEEN,Jenson,73,f
VASILIKI,Mentele,18,f
FRANKIE,Roe,64,m
KENDALL,Reece,61,m
RICH,Butler,61,m
ROBIN,Heatwole,18,f
BRANDIE,Mayer,34,f
GEORG,Herring,77,m
CATERINA,Scott,58,f
CHANDLER,Robey,30,m
NOREEN,Brown,58,f
SHAY,Massey,31,f
JANI,Roberts,63,f
LOUISE,Hanson,65,f
CORIE,Bradley,30,m
TABATHA,Jaffe,32,f
KIRK,Black,61,m
VIJAYA,Kellenbenz,34,f
DON,Frew,64,m
EVE,Mikkelson,63,f
DAN,Fry,77,m
DRU,Wood,64,m
MIKE,Sartin,74,m
ROSCOE,Mosby,64,m
GARRICK,Pinner,61,m
MONTE,Smith,61,m
LAURI,Coleman,63,f
CAROLEE,Aker,19,f
CHANNING,Mcphail,19,f
SHAY,Lewis,33,m
DALENE,Rought,64,f
PARVIN,Schlosser,75,m
KAREY,Embler,34,f
JYOTI,Babcock,33,f
RUTHANNE,Conaway,33,f
CHERRYL,Stubbs,58,f
ARMAND,Timmer,64,m
SETH,Martin,37,m
CHANTEL,Combs,33,f
ZENON,Bryan,66,m
MYRON,Delucia,32,m
GUSTAV,Chaplin,61,m
ADRIANNE,Woodrum,33,f
BERNHARD,Falck,75,m
BRIDGETT,Croce,65,f
ELLYN,Reeves,34,f
DALLAS,Smith,63,m
ALENA,Durr,20,f
EVANGELOS,Lambert,30,m
RALPH,Gregory,64,m
KERRIE,Vinyard,58,f
CHARLA,Stenzel,58,f
KAYLYN,Sorge,30,f
ALIZA,Robb,18,f
YULIA,Fanning,19,f
LARRY,Donovan,66,m
MARSHALL,Brennan,66,m
TRESA,Simpson,63,f
LIVIA,Coryell,19,f
ELDA,Klobucar,65,f
KAMI,Smith,31,f
SUSANNA,Hunt,31,f
CORTNEY,Kish,30,f
CLIFFORD,Shander,62,m
ELENI,Dupont,19,f
BRYNN,Hale,20,f
LYUDMILA,Childers,18,f
DON,Flint,63,m
ROSLYN,Higgins,63,f
MANFRED,Bain,65,m
CHRISTIANE,Kindig,19,f
JOI,Losavio,30,f
SKYLER,Peruzzi,20,f
RANAE,Markell,18,f
TAMARA,David,63,f
STEFAN,Ward,32,m
MARLA,Coley,57,f
RAND,Noyes,64,m
TATYANA,Penrod,18,f
DAMION,Thomas,33,m
ANILA,Schaub,30,f
STEVAN,Evans,32,m
CASSANDRA,Campbell,30,f
RANAE,Williams,63,f
VERNON,Camp,75,m
AMALIA,Daniel,32,f
INNA,Kaplow,31,f
BETHANNE,Ferro,31,f
NICOLETTA,Flohr,33,f
RENEE,Baker,64,f
EKATERINA,Peabody,20,f
TOM,Ferber,64,m
HILARY,Martin,31,f
VIJAYA,Fischer,34,f
BRITTNEY,Reas,31,f
GLENNA,Modlin,72,f
ISABELLE,Eden,20,f
KAI,Oneill,30,f
MITRA,Pruitt,57,f
TRINITY,Applebaum,19,f
ALANNA,Riley,32,f
CARLYN,Colvin,57,f
KAROLYN,Johnson,33,f
SUSETTE,Tumbarello,71,f
JAMEE,Barich,20,f
NORMAND,Brown,66,m
EMIL,Wiegand,64,m
DONNY,Sostre,78,m
SHERRY,Schmitt,74,f
LEONORA,Schnieders,63,f
SHAUNA,Odorisio,32,f
TRACEY,Leder,65,f
DENIS,Scharf,77,m
MAVIS,Chamberlain,63,f
ELIZA,Scanlan,19,f
PATRICIA,Pattillo,65,f
MIRNA,Tobin,34,f
JORY,Omeara,33,m
ALBERTO,Howell,64,m
LARISSA,Zinz,34,f
ODETTE,Romano,34,f
TRUMAN,Wilson,66,m
ZOE,Frischkorn,20,f
ALIA,Curtis,18,f
DELMAR,Jones,74,m
BERNADETTE,Weber,34,f
MERCEDES,Anderson,32,f
SYLVESTER,Whitehead,76,m
DOLLY,Petrich,64,f
KIMBERLI,Maxa,63,f
WILLIAM,Croce,66,m
JONNA,Anderson,18,f
LEANNA,Bennett,19,f
LAWRENCE,Freeman,33,m
SHARLA,Worthington,33,f
GREG,Lutz,61,m
CAROLANN,Upton,75,f
KELI,Wofford,31,f
DALENE,Barker,64,f
MELODIE,Hicks,71,f
ESTELLA,Peck,75,f
MARC,Norman,65,m
RUSSELL,Presnell,65,m
CHELSEY,Sanderford,32,f
KATHERINE,Samford,34,f
MARLENE,Barilone,58,f
VALENTINA,Herring,18,f
BOGDAN,Burr,33,m
LISA,Lane,63,f
SUSANNE,Bieber,75,f
ABBIE,Mooneyham,75,f
MERRILL,Wolfe,57,f
TIFFANI,Rumsey,32,f
MURIEL,Dorr,75,f
GREG,Christie,62,m
PAM,Wadas,63,f
MINDY,Rizzo,59,f
DENIS,Hollis,32,m
SIMA,Reynolds,58,f
VAN,Ferris,62,m
BUD,Cassidy,64,m
ADELE,Stahr,74,f
ALEXANDRIA,Herbert,32,f
STUART,Crowley,61,m
OLIVER,Hall,62,m
ERINN,Conner,32,f
DOUG,Cooper,63,m
SUELLEN,Lockman,74,f
LASZLO,Durbin,33,m
KAYLEE,Lamore,18,f
LEWIS,Tate,32,m
MAREN,Mattson,74,f
ROSALIE,Mchenry,71,f
JAMISON,Kline,30,m
ALVA,Humphreys,97,m
LUANNE,Danielson,64,f
TERESE,Smith,39,f
LAURENT,Litz,61,m
JERI,Dominy,34,f
KENDAL,Muscarello,20,f
MICHELE,Mutz,58,f
CARRIE,Romig,74,f
JIMMY,Gaspard,75,m
CORINNE,Bayuk,34,f
SATYA,Engelman,18,f
JUDSON,Leckman,62,m
ANNELIESE,Cole,33,f
ANNAMARIE,Green,31,f
PATTI,Napier,58,f
LITA,Simons,64,f
RENATE,Brady,65,f
TRISHA,Crandall,31,f
RONNA,Spraul,72,f
SHON,Penfield,32,m
EMORY,Ingersoll,20,f
ELAINA,Peters,72,f
NICOLLE,Cline,31,f
LEZLIE,Webb,32,f
CALVIN,Myers,62,m
PETER,Richardson,66,m
FORREST,Darlington,61,m
ELIAS,Smith,32,m
TADEUSZ,Ramsey,61,m
WES,Jimenez,64,m
MYRON,Walker,66,m
NOLA,Warby,74,f
SAID,Tormey,30,m
MARGUERITE,Richa,72,f
BREE,Sequeira,31,f
KATRIN,Spell,58,f
KARYN,Nahrwold,33,f
GEOFF,Zanoni,64,m
SUSAN,Simmons,63,f
GWYN,Hillery,63,f
LARS,Lawson,65,m
SHAREE,Bland,32,f
LEONARD,Hetherington,66,m
OREN,Moran,33,m
ABBY,Eastman,18,f
JACKLYN,Townsend,63,f
JAMIL,Armstrong,33,m
JANNA,Reiter,18,f
MERRILL,Hutsell,36,m
KIRSTIN,Vliem,31,f
TWYLA,Marty,34,f
ALEXEI,Czarnecki,30,m
KHALID,Riso,32,m
FRED,Coleman,75,m
JUNE,Buell,64,f
SOPHIE,Hesson,19,f
SPENCER,Bailey,30,m
ROY,Colton,63,m
SIDNEY,Person,78,m
CHELSEY,Zoeller,34,f
ZOE,Good,18,f
MARTYN,Goodman,65,m
BRITTANY,Zarrilli,34,f
CHELSEY,Borchert,32,f
RENAE,Belote,56,f
ILEANA,Burke,34,f
COLETTE,Rader,72,f
MARIYA,Bosio,19,f
UTE,Leach,58,f
YELENA,Dunham,19,f
LUANN,Perkins,65,f
GARRICK,Dopson,66,m
STANTON,Eaton,75,m
RAPHAEL,Jaimes,33,m
INGRID,Pace,63,f
DANICA,Kent,19,f
EDMUND,Harris,33,m
DALENE,Reyes,63,f
CELESTE,Cummings,20,f
MARIANNA,Infante,18,f
FREDRICK,Berardi,58,f
SUZANN,Scercy,56,f
ANTONETTE,Joosten,34,f
KATIE,Hawkins,34,f
WALKER,Kelner,66,m
ALICJA,Meyer,34,f
ESTEBAN,Fournier,32,m
VIOLET,Sanders,74,f
PEYTON,Thien,19,f
DAWNE,Knapp,72,f
ELISABETH,Gale,18,f
JELENA,Boeldt,18,f
MAYA,Kinch,19,f
SYDNEY,Brownell,19,f
RITA,Glover,75,f
ROSANNE,Gaines,72,f
HEIKE,Oldaker,58,f
DAVID,Webster,66,m
CONNIE,Hanssen,63,f
LIOR,Fekete,33,m
CASSIDY,Byler,18,f
RIMA,Dominick,63,f
THU,Campbell,32,f
BIRGITTA,Espinoza,64,f
JACKSON,Burdette,32,m
JIMMIE,Karsten,75,f
HARRY,Ward,74,m
KENT,Stack,61,m
LISBETH,Dayton,33,f
JAMES,Webber,63,m
FRANKIE,Schlotzhauer,63,m
LETA,Koehne,72,f
DORINA,Qualls,65,f
MARGOT,Norris,19,f
WINONA,Bechtel,58,f
BILLY,Otto,77,m
RITCHIE,Bohrer,66,m
LUDMILA,Locke,18,f
LEN,Landy,61,m
RISA,Hitchcock,19,f
RANDEL,Jones,65,m
INA,Mccormick,63,f
NORRIS,Farmer,63,m
SANTO,Gigler,64,m
ALYSON,Klein,20,f
DELBERT,Whitaker,66,m
GREGG,Fleck,64,m
TARI,Cody,58,f
TRUMAN,Kinzer,75,m
LONNA,Laninga,72,f
TOMMIE,Orel,76,m
KIERSTEN,Norwood,19,f
INDIA,Carter,18,f
KAYLYN,Durham,32,f
KRISTA,Getchell,65,f
HENDRIK,Hawkins,33,m
MARGOT,Conklin,64,f
JAN,Strader,72,f
ALTON,Schroeder,65,m
SCOTTY,Biel,62,m
MIRANDA,Simons,33,f
ANDRE,Myklebust,33,m
KARRIE,Nipper,33,f
LYUDMILA,Levine,18,f
EDMOND,Cain,64,m
LORA,Hanna,32,f
PIERRE,Lee,66,m
JULIUS,Lee,78,m
LUTHER,Beilfuss,63,m
LESLY,Andrus,18,f
WENDIE,Bouchard,58,f
LUIZ,Brown,30,m
LYNN,Johnsen,65,f
STEPHANY,Sanders,20,f
PAWEL,Palmer,32,m
DOLLY,Gardner,32,f
MARILYNN,Horne,32,f
ELIZA,Vollrath,65,f
ALFRED,Guzman,74,m
ARLA,Lamm,63,f
ALVA,Guidroz,75,m
REAGAN,Davis,18,f
KENNY,Allen,77,m
NAPOLEON,Boness,65,m
TORI,Taylor,20,f
NICKOLAS,Prevatt,33,m
STEPHAN,Moore,61,m
LACY,Massey,33,f
JESSIE,Schulze,32,m
DOUG,Barrow,62,m
ALYSIA,Harris,33,f
MITCH,Short,63,m
GRAEME,Benavidez,32,m
LYNN,Long,62,m
DEWEY,Prince,76,m
VIRGIL,Collins,74,m
VICKI,Eckert,63,f
LILIYA,White,19,f
BERTRAND,Dillard,65,m
TAMIE,Weist,64,f
URIEL,Brothers,32,m
HEIKE,Vasquez,58,f
MELODY,Beard,64,f
FLETCHER,Carter,32,m
KIT,Hertel,63,f
EDDIE,Chernyy,63,m
GEOFFREY,Scheuerman,65,m
KIMBER,Worthington,34,f
BRUNO,Leddy,78,m
ABBEY,Winkler,19,f
LEE,Pitman,64,f
SCOT,Lilly,66,m
TRISH,Lashua,63,f
ARNO,Pesce,75,m
ALANE,Vanallen,58,f
FARAH,Larm,19,f
HOLLY,Vivino,58,f
JARRED,Livoti,36,m
STEVIE,Nickelson,33,f
KARALEE,Coppock,33,f
DANUTA,Rossi,63,f
KELLE,Ozbek,64,f
GILLES,Wyrick,61,m
MILO,Hodge,61,m
AHMED,Kunkle,33,m
BRITTNEY,Andrews,33,f
DANIAL,Blatt,66,m
CAROLANN,Saviano,19,f
ERICKA,Moore,20,f
TRINITY,Retelle,18,f
WOLFGANG,Allen,64,m
JODIE,Alongi,32,f
REINALDO,Earley,30,m
RICKY,Ancell,61,m
BILL,Daniels,62,m
ASHLEY,Greaney,32,f
DEBRA,Harris,65,f
CHET,Atkins,61,m
TIM,Murray,62,m
CHERRY,Bauhof,65,f
RONI,Holmes,20,f
LADONNA,Dering,64,f
KERRI,Brooks,19,f
STANLEY,Collins,66,m
MEREDITH,Rebelo,32,f
LIBBY,Turchyn,63,f
ARLEN,Radigan,63,m
SERENA,Jones,18,f
ALESSANDRO,Schumacher,33,m
DAVE,Russell,65,m
MONROE,Mertens,66,m
JOEL,Loeffler,64,m
KRYSTA,Murray,20,f
ALICE,Fraelich,32,f
MOIRA,Moberg,20,f
MAVIS,Gambrel,65,f
LEROY,Flowers,66,m
VARSHA,Perkins,18,f
CYNDI,Duncan,63,f
ALYSE,Brown,20,f
CASEY,Collins,30,m
NEIL,Ferreira,66,m
TATIANA,Gall,19,f
ROY,Gearhart,66,m
HENRI,Diaz,63,m
ROCK,Myers,66,m
BUFORD,Konrad,77,m
JAQUELINE,Turner,19,f
LINSEY,Vancamp,20,f
JORDAN,Alleman,30,m
ARMANDO,Callahan,61,m
THURMAN,Forrester,75,m
HENDRIK,Erie,30,m
HENRYK,Lee,106,m
CAROL,Ensign,63,f
DON,Brewster,62,m
LOREN,Harris,64,m
KEVIN,Heichel,58,m
MEL,Thibodeau,65,m
WILEY,Katona,77,m
ENID,Hesse,64,f
SOPHIE,Macdonnell,20,f
ROMAN,Dow,65,m
THERESA,Miller,65,f
KATHIE,Moss,32,f
NORM,Leedom,65,m
MADELYN,Lathim,20,f
JUNE,Sabol,18,f
DEWITT,Silkwood,65,m
HANNAH,Hochstetler,20,f
NORA,Sinopoli,33,f
RENAE,Hornbeck,63,f
LAURENT,Beckmann,62,m
CATHI,Camron,64,f
GUILLERMINA,Blodgett,19,f
HAMID,Julian,33,m
KANDACE,White,33,f
HOUSTON,Kukla,78,m
TAMMI,Leppert,63,f
ARASH,Kelly,30,m
ARTUR,Anthony,33,m
LAURI,Carr,33,f
BENNIE,Root,66,m
KATELYN,Campbell,32,f
WHITNEY,Bendixen,32,f
DAVIS,Maldonado,32,m
BELLA,Myrick,19,f
CLARK,Luckenbach,66,m
KEENAN,Urquhart,33,m
JEANNETTE,How,33,f
ROCK,Lyles,66,m
PERRY,Farris,61,m
MICHEAL,Duffett,65,m
VALORIE,Klinger,64,f
BEN,Etter,74,m
ARIANA,Cottle,32,f
KENNETH,Dishman,76,m
KANDY,Plott,63,f
BRITA,Hucks,64,f
INGA,Mahon,19,f
BRIAN,Hunter,33,m
CHANTAL,Lapolla,19,f
LARISSA,Carroll,33,f
KIMBALL,Oconnor,76,m
DONAL,Didonna,66,m
SAMMY,Short,77,m
TOM,Schaffner,64,m
COLT,Breitenbach,30,m
DEBBI,Fish,64,f
FADI,Vulich,33,m
JAMIL,Harrison,33,m
GORDON,Coufal,62,m
MICHEAL,Lockridge,65,m
CASIMIR,Springman,30,m
SELMA,Haley,65,f
BRYON,Dewitt,65,m
JOANIE,Dean,33,f
BERTRAND,Jobe,63,m
CYRIL,Hansen,65,m
CURT,Jacobs,63,m
ALIX,Spence,30,m
WILLIS,Baumann,33,m
RAYMOND,Hall,77,m
KACEY,Vititoe,19,f
NALINI,Saltiel,32,f
SETH,Williams,63,m
REGAN,Reynolds,61,m
MARYAM,Stiller,32,f
GUNNAR,Krajicek,65,m
NILA,Moore,63,f
LAVERN,Ferrell,65,f
GEORGIA,Adams,100,f
THURMAN,Stendahl,61,m
TRUMAN,Lewis,76,m
SAUNDRA,Hulsey,75,f
PEGGIE,Savage,63,f
GILBERT,Benefield,65,m
HAI,Wilson,33,m
FRANK,Wagner,66,m
GREGORY,Young,74,m
KAYLYN,Mcgough,32,f
KENNA,Lafont,65,f
LANNY,Quatro,64,m
ARMIN,Dalton,61,m
USHA,Ranck,30,f
PANAGIOTIS,Green,33,m
DEBORA,Moyer,65,f
LELAND,Peoples,63,m
MAURY,Estes,64,m
LEANN,Chapman,71,f
RYANN,Koenig,32,f
DWIGHT,Stevens,66,m
YASMIN,Trowbridge,20,f
PAMELLA,Zayas,64,f
MARGARET,Battaglia,75,f
MELBA,Huff,64,f
BARNEY,Decker,63,m
STANFORD,Stribling,76,m
JEAN,Danko,94,f
ISABELLE,Shipper,20,f
TAWNY,Kerr,30,f
EVETTE,Barcus,65,f
STARR,Mercer,40,f
LIANE,Dill,64,f
ROBBIE,Gottfredson,66,m
EMILIE,Fisco,32,f
LUTHER,Leboeuf,65,m
MARCELA,Northcutt,33,f
CLEMENT,Sabino,65,m
CHRISTOPH,Lavin,62,m
QUINTON,Moresco,33,m
SAMMY,Emberger,63,m
THAD,Gordon,66,m
LOYD,Gaydos,64,m
MARIYA,Laure,32,f
GINA,Rupe,30,f
RONNIE,Schwatka,65,m
TRACEY,Blouin,56,f
BOYD,Baumer,66,m
ANGELO,Dingler,76,m
GLENDA,Barber,65,f
JOHANNES,Wojtyna,32,m
PATRICK,Young,39,m
BRANDIE,Westerholm,38,f
BRITT,Russell,30,m
CLIVE,Jones,65,m
FREDRIC,Ellig,78,m
DELLA,Harrison,63,f
MARGENE,Coakley,57,f
HASMIK,Schultz,31,f
IRA,Greer,64,f
ALLISON,Ignasiak,34,f
KRIS,Maloney,40,m
KAREN,Tuttle,73,f
CHARLENE,Turley,72,f
SUSETTE,Odonnell,65,f
SARA,Haage,30,f
JEANETTE,Shannon,74,f
THIERRY,Kenton,58,m
STERLING,Jordan,77,m
SONJA,Engelhart,58,f
GARRY,Colletta,63,m
SHAWN,Sterr,55,m
ROD,Davis,64,m
DEL,Spencer,77,m
FRANCIS,Mueller,75,m
GERHARD,Lucas,56,m
DIRK,Nelson,40,m
